Reporting Area,MMWR Year,MMWR Week,"Malaria, Current week","Malaria, Current week, flag","Malaria, Previous 52 weeks Max†","Malaria, Previous 52 weeks Max†, flag","Malaria, Cum 2019†","Malaria, Cum 2019†, flag","Malaria, Cum 2018†","Malaria, Cum 2018†, flag","Measles§, Idigenousis, Current week","Measles§, Idigenousis, Current week, flag","Measles§, Idigenousis, Previous 52 weeks Max†","Measles§, Idigenousis, Previous 52 weeks Max†, flag","Measles§, Idigenousis, Cum 2019†","Measles§, Idigenousis, Cum 2019†, flag","Measles§, Idigenousis, Cum 2018†","Measles§, Idigenousis, Cum 2018†, flag","Measles§, Imported, Current week","Measles§, Imported, Current week, flag","Measles§, Imported, Previous 52 weeks Max†","Measles§, Imported, Previous 52 weeks Max†, flag","Measles§, Imported, Cum 2019†","Measles§, Imported, Cum 2019†, flag","Measles§, Imported, Cum 2018†","Measles§, Imported, Cum 2018†, flag",Location 1,Location 2
US RESIDENTS,2019,1,,-,53,,,-,23,,,-,9,,,-,,-,,-,16,,,-,1,,,US RESIDENTS
NEW ENGLAND,2019,1,,-,5,,,-,1,,,-,0,,,-,,-,,-,1,,,-,,-,,NEW ENGLAND
MIDDDLE ATLANTIC,2019,1,,-,24,,,-,8,,,-,9,,,-,,-,,-,16,,,-,,-,,MIDDDLE ATLANTIC
NEW YORK CITY,2019,1,,-,11,,,-,3,,,-,9,,,-,,-,,-,2,,,-,,-,,NEW YORK CITY
EAST NORTH CENTRAL,2019,1,,-,7,,,-,2,,,-,1,,,-,,-,,-,4,,,-,1,,,EAST NORTH CENTRAL
WEST NORTH CENTRAL,2019,1,,-,5,,,-,1,,,-,5,,,-,,-,,-,6,,,-,,-,,WEST NORTH CENTRAL
SOUTH ATLANTIC,2019,1,,-,21,,,-,9,,,-,3,,,-,,-,,-,3,,,-,,-,,SOUTH ATLANTIC
EAST SOUTH CENTRAL,2019,1,,-,4,,,-,,-,,-,0,,,-,,-,,-,1,,,-,,-,,EAST SOUTH CENTRAL
WEST SOUTH CENTRAL,2019,1,,-,5,,,-,,-,,-,5,,,-,,-,,-,1,,,-,,-,,WEST SOUTH CENTRAL
MOUNTAIN,2019,1,,-,7,,,-,1,,,-,0,,,-,,-,,-,1,,,-,,-,,MOUNTAIN
PACIFIC,2019,1,,-,8,,,-,1,,,-,3,,,-,,-,,-,2,,,-,,-,,PACIFIC
US TERRITORIES,2019,1,,-,0,,,-,,-,,-,0,,,-,,-,,-,0,,,-,,-,,US TERRITORIES
AMERICAN SAMOA,2019,1,,-,0,,,-,,-,,-,0,,,-,,-,,-,0,,,-,,-,,AMERICAN SAMOA
NON-US RESIDENTS,2019,1,,-,,NC,,-,,NP,,-,,NC,,-,,NP,,-,,NC,,-,,NP,,NON-US RESIDENTS
TOTAL,2019,1,,-,53,,,-,23,,,-,9,,,-,,-,,-,16,,,-,1,,,TOTAL
NEBRASKA,2019,1,,-,2,,,-,,-,,-,0,,,-,,-,,-,0,,,-,,-,"NEBRASKA
(41.640503, -99.367122)",
OKLAHOMA,2019,1,,-,1,,,-,,-,,-,0,,,-,,-,,-,1,,,-,,-,"OKLAHOMA
(35.468494, -97.521264)",
UTAH,2019,1,,-,1,,,-,,-,,-,0,,,-,,-,,-,0,,,-,,-,"UTAH
(39.359772, -111.584173)",
OREGON,2019,1,,-,2,,,-,,-,,-,1,,,-,,-,,-,1,,,-,,-,"OREGON
(44.567912, -120.156945)",
WASHINGTON,2019,1,,-,4,,,-,,-,,-,0,,,-,,-,,-,1,,,-,,-,"WASHINGTON
(47.517368, -120.467672)",
GUAM,2019,1,,-,0,,,-,,-,,-,0,,,-,,-,,-,0,,,-,,-,"GUAM
(13.3532, 144.653198)",
MISSOURI,2019,1,,-,3,,,-,,-,,-,0,,,-,,-,,-,6,,,-,,-,"MISSOURI
(38.636168, -92.566292)",
IOWA,2019,1,,-,2,,,-,,-,,-,0,,,-,,-,,-,0,,,-,,-,"IOWA
(42.46942, -93.815856)",
NEW YORK,2019,1,,-,4,,,-,2,,,-,0,,,-,,-,,-,14,,,-,,-,"NEW YORK
(42.826892, -75.544286)",
DISTRICT OF COLUMBIA,2019,1,,-,2,,,-,,-,,-,0,,,-,,-,,-,1,,,-,,-,"DISTRICT OF COLUMBIA
(38.892062, -77.019912)",
VERMONT,2019,1,,-,1,,,-,,-,,-,0,,,-,,-,,-,1,,,-,,-,"VERMONT
(43.622479, -72.51927)",
CALIFORNIA,2019,1,,-,5,,,-,1,,,-,3,,,-,,-,,-,2,,,-,,-,"CALIFORNIA
(37.640735, -121.002435)",
NORTH DAKOTA,2019,1,,-,1,,,-,,-,,-,0,,,-,,-,,-,0,,,-,,-,"NORTH DAKOTA
(47.475879, -100.121011)",
TEXAS,2019,1,,-,5,,,-,,-,,-,5,,,-,,-,,-,1,,,-,,-,"TEXAS
(31.827233, -99.423022)",
SOUTH DAKOTA,2019,1,,-,2,,,-,,-,,-,0,,,-,,-,,-,0,,,-,,-,"SOUTH DAKOTA
(44.35371, -100.373709)",
CONNECTICUT,2019,1,,-,1,,,-,,-,,-,0,,,-,,-,,-,1,,,-,,-,"CONNECTICUT
(41.544654, -72.651713)",
PUERTO RICO,2019,1,,-,0,,,-,,-,,-,0,,,-,,-,,-,0,,,-,,-,"PUERTO RICO
(18.215692, -66.414655)",
MARYLAND,2019,1,,-,9,,,-,5,,,-,0,,,-,,-,,-,1,,,-,,-,"MARYLAND
(39.290443, -76.612333)",
FLORIDA,2019,1,,-,4,,,-,,-,,-,3,,,-,,-,,-,2,,,-,,-,"FLORIDA
(28.915325, -81.922409)",
NEW MEXICO,2019,1,,-,1,,,-,,-,,-,0,,,-,,-,,-,0,,,-,,-,"NEW MEXICO
(34.520396, -106.244402)",
TENNESSEE,2019,1,,-,2,,,-,,-,,-,0,,,-,,-,,-,1,,,-,,-,"TENNESSEE
(35.681402, -85.774444)",
NEW JERSEY,2019,1,,-,6,,,-,3,,,-,0,,,-,,-,,-,6,,,-,,-,"NEW JERSEY
(40.104655, -74.386686)",
NEW HAMPSHIRE,2019,1,,-,1,,,-,,-,,-,0,,,-,,-,,-,0,,,-,,-,"NEW HAMPSHIRE
(43.657736, -71.500736)",
NORTH CAROLINA,2019,1,,-,4,,,-,2,,,-,1,,,-,,-,,-,1,,,-,,-,"NORTH CAROLINA
(35.47995, -79.180571)",
MINNESOTA,2019,1,,-,0,,,-,,-,,-,0,,,-,,-,,-,1,,,-,,-,"MINNESOTA
(46.357661, -94.793397)",
NORTHERN MARIANA ISLANDS,2019,1,,-,,-,,-,,-,,-,,-,,-,,-,,-,,-,,-,,-,"NORTHERN MARIANA ISLANDS
(15.1834, 145.725693)",
NEVADA,2019,1,,-,1,,,-,,-,,-,0,,,-,,-,,-,1,,,-,,-,"NEVADA
(39.491833, -117.070159)",
OHIO,2019,1,,-,4,,,-,1,,,-,0,,,-,,-,,-,0,,,-,,-,"OHIO
(40.056807, -82.405897)",
INDIANA,2019,1,,-,1,,,-,1,,,-,0,,,-,,-,,-,1,,,-,1,,"INDIANA
(39.76845, -86.156212)",
MAINE,2019,1,,-,1,,,-,,-,,-,0,,,-,,-,,-,0,,,-,,-,"MAINE
(45.252223, -68.986647)",
VIRGINIA,2019,1,,-,5,,,-,,-,,-,0,,,-,,-,,-,1,,,-,,-,"VIRGINIA
(37.542699, -78.45822)",
DELAWARE,2019,1,,-,2,,,-,,-,,-,0,,,-,,-,,-,0,,,-,,-,"DELAWARE
(39.008676, -75.574561)",
KANSAS,2019,1,,-,2,,,-,1,,,-,5,,,-,,-,,-,1,,,-,,-,"KANSAS
(38.345528, -98.201847)",
KENTUCKY,2019,1,,-,1,,,-,,-,,-,0,,,-,,-,,-,0,,,-,,-,"KENTUCKY
(37.64591, -84.774043)",
IDAHO,2019,1,,-,1,,,-,,-,,-,0,,,-,,-,,-,1,,,-,,-,"IDAHO
(43.680635, -114.364237)",
SOUTH CAROLINA,2019,1,,-,0,,,-,,-,,-,2,,,-,,-,,-,1,,,-,,-,"SOUTH CAROLINA
(34.009286, -81.037094)",
LOUISIANA,2019,1,,-,2,,,-,,-,,-,0,,,-,,-,,-,1,,,-,,-,"LOUISIANA
(31.2931, -92.463284)",
MASSACHUSETTS,2019,1,,-,4,,,-,1,,,-,0,,,-,,-,,-,1,,,-,,-,"MASSACHUSETTS
(42.268546, -72.085064)",
ILLINOIS,2019,1,,-,4,,,-,,-,,-,1,,,-,,-,,-,1,,,-,,-,"ILLINOIS
(40.477092, -88.993221)",
MICHIGAN,2019,1,,-,3,,,-,,-,,-,0,,,-,,-,,-,4,,,-,,-,"MICHIGAN
(44.66399, -84.711206)",
WYOMING,2019,1,,-,1,,,-,,-,,-,0,,,-,,-,,-,0,,,-,,-,"WYOMING
(43.23558, -108.110518)",
PENNSYLVANIA,2019,1,,-,8,,,-,,-,,-,0,,,-,,-,,-,1,,,-,,-,"PENNSYLVANIA
(40.789676, -77.858055)",
ARIZONA,2019,1,,-,5,,,-,,-,,-,0,,,-,,-,,-,0,,,-,,-,"ARIZONA
(34.869712, -111.760902)",
RHODE ISLAND,2019,1,,-,2,,,-,,-,,-,0,,,-,,-,,-,0,,,-,,-,"RHODE ISLAND
(41.707447, -71.522488)",
WEST VIRGINIA,2019,1,,-,0,,,-,,-,,-,0,,,-,,-,,-,0,,,-,,-,"WEST VIRGINIA
(38.668501, -80.709421)",
ALABAMA,2019,1,,-,3,,,-,,-,,-,0,,,-,,-,,-,0,,,-,,-,"ALABAMA
(32.839182, -86.631125)",
U.S. VIRGIN ISLANDS,2019,1,,-,0,,,-,,-,,-,0,,,-,,-,,-,0,,,-,,-,"VIRGIN ISLANDS
(18.060868, -64.840836)",
MISSISSIPPI,2019,1,,-,1,,,-,,-,,-,0,,,-,,-,,-,0,,,-,,-,"MISSISSIPPI
(32.738663, -89.537312)",
WISCONSIN,2019,1,,-,1,,,-,,-,,-,0,,,-,,-,,-,0,,,-,,-,"WISCONSIN
(44.395526, -89.834513)",
ARKANSAS,2019,1,,-,1,,,-,,-,,-,0,,,-,,-,,-,1,,,-,,-,"ARKANSAS
(34.748745, -92.275105)",
HAWAII,2019,1,,-,1,,,-,,-,,-,0,,,-,,-,,-,0,,,-,,-,"HAWAII
(21.30992, -157.858158)",
ALASKA,2019,1,,-,1,,,-,,-,,-,0,,,-,,-,,-,0,,,-,,-,"ALASKA
(64.836661, -147.738891)",
GEORGIA,2019,1,,-,7,,,-,2,,,-,0,,,-,,-,,-,0,,,-,,-,"GEORGIA
(32.836038, -83.631709)",
COLORADO,2019,1,,-,3,,,-,1,,,-,0,,,-,,-,,-,0,,,-,,-,"COLORADO
(38.841772, -106.132562)",
MONTANA,2019,1,,-,1,,,-,,-,,-,0,,,-,,-,,-,0,,,-,,-,"MONTANA
(47.062617, -109.430168)",
US RESIDENTS,2019,2,3,,53,,6,,42,,,-,9,,,-,,-,,-,16,,1,,2,,,
NEW ENGLAND,2019,2,,-,5,,,-,2,,,-,0,,,-,,-,,-,1,,,-,,-,,
MIDDDLE ATLANTIC,2019,2,3,,24,,5,,14,,,-,9,,,-,,-,,-,16,,,-,,-,,
NEW YORK CITY,2019,2,2,,11,,3,,6,,,-,9,,,-,,-,,-,2,,,-,,-,,
EAST NORTH CENTRAL,2019,2,,-,7,,,-,4,,,-,1,,,-,,-,,-,4,,,-,2,,,
WEST NORTH CENTRAL,2019,2,,-,5,,1,,2,,,-,5,,,-,,-,,-,6,,,-,,-,,
SOUTH ATLANTIC,2019,2,,-,21,,,-,13,,,-,3,,,-,,-,,-,3,,,-,,-,,
EAST SOUTH CENTRAL,2019,2,,-,4,,,-,,-,,-,0,,,-,,-,,-,1,,,-,,-,,
WEST SOUTH CENTRAL,2019,2,,-,5,,,-,2,,,-,5,,,-,,-,,-,1,,,-,,-,,
MOUNTAIN,2019,2,,-,7,,,-,1,,,-,0,,,-,,-,,-,1,,,-,,-,,
PACIFIC,2019,2,,-,8,,,-,4,,,-,3,,,-,,-,,-,2,,1,,,-,,
US TERRITORIES,2019,2,,-,0,,,-,,-,,-,0,,,-,,-,,-,0,,,-,,-,,
AMERICAN SAMOA,2019,2,,-,0,,,-,,-,,-,0,,,-,,-,,-,0,,,-,,-,,
NON-US RESIDENTS,2019,2,,-,,NC,,-,,NP,,-,,NC,,-,,NP,,-,,NC,,-,,NP,,
TOTAL,2019,2,3,,53,,6,,42,,,-,9,,,-,,-,,-,16,,1,,2,,,
NORTH CAROLINA,2019,2,,-,4,,,-,2,,,-,1,,,-,,-,,-,1,,,-,,-,"NORTH CAROLINA
(35.47995, -79.180571)",
MAINE,2019,2,,-,1,,,-,,-,,-,0,,,-,,-,,-,0,,,-,,-,"MAINE
(45.252223, -68.986647)",
KENTUCKY,2019,2,,-,1,,,-,,-,,-,0,,,-,,-,,-,0,,,-,,-,"KENTUCKY
(37.64591, -84.774043)",
NEW MEXICO,2019,2,,-,1,,,-,,-,,-,0,,,-,,-,,-,0,,,-,,-,"NEW MEXICO
(34.520396, -106.244402)",
WISCONSIN,2019,2,,-,1,,,-,,-,,-,0,,,-,,-,,-,0,,,-,,-,"WISCONSIN
(44.395526, -89.834513)",
FLORIDA,2019,2,,-,4,,,-,,-,,-,3,,,-,,-,,-,2,,,-,,-,"FLORIDA
(28.915325, -81.922409)",
WASHINGTON,2019,2,,-,4,,,-,,-,,-,0,,,-,,-,,-,1,,,-,,-,"WASHINGTON
(47.517368, -120.467672)",
IDAHO,2019,2,,-,1,,,-,,-,,-,0,,,-,,-,,-,1,,,-,,-,"IDAHO
(43.680635, -114.364237)",
OKLAHOMA,2019,2,,-,1,,,-,,-,,-,0,,,-,,-,,-,1,,,-,,-,"OKLAHOMA
(35.468494, -97.521264)",
MISSISSIPPI,2019,2,,-,1,,,-,,-,,-,0,,,-,,-,,-,0,,,-,,-,"MISSISSIPPI
(32.738663, -89.537312)",
GEORGIA,2019,2,,-,7,,,-,3,,,-,0,,,-,,-,,-,0,,,-,,-,"GEORGIA
(32.836038, -83.631709)",
VERMONT,2019,2,,-,1,,,-,,-,,-,0,,,-,,-,,-,1,,,-,,-,"VERMONT
(43.622479, -72.51927)",
MASSACHUSETTS,2019,2,,-,4,,,-,2,,,-,0,,,-,,-,,-,1,,,-,,-,"MASSACHUSETTS
(42.268546, -72.085064)",
ALABAMA,2019,2,,-,3,,,-,,-,,-,0,,,-,,-,,-,0,,,-,,-,"ALABAMA
(32.839182, -86.631125)",
HAWAII,2019,2,,-,1,,,-,,-,,-,0,,,-,,-,,-,0,,,-,,-,"HAWAII
(21.30992, -157.858158)",
WYOMING,2019,2,,-,1,,,-,,-,,-,0,,,-,,-,,-,0,,,-,,-,"WYOMING
(43.23558, -108.110518)",
U.S. VIRGIN ISLANDS,2019,2,,-,0,,,-,,-,,-,0,,,-,,-,,-,0,,,-,,-,"VIRGIN ISLANDS
(18.060868, -64.840836)",
OREGON,2019,2,,-,2,,,-,,-,,-,1,,,-,,-,,-,1,,,-,,-,"OREGON
(44.567912, -120.156945)",
TENNESSEE,2019,2,,-,2,,,-,,-,,-,0,,,-,,-,,-,1,,,-,,-,"TENNESSEE
(35.681402, -85.774444)",
DISTRICT OF COLUMBIA,2019,2,,-,2,,,-,,-,,-,0,,,-,,-,,-,1,,,-,,-,"DISTRICT OF COLUMBIA
(38.892062, -77.019912)",
GUAM,2019,2,,-,0,,,-,,-,,-,0,,,-,,-,,-,0,,,-,,-,"GUAM
(13.3532, 144.653198)",
SOUTH DAKOTA,2019,2,,-,2,,,-,,-,,-,0,,,-,,-,,-,0,,,-,,-,"SOUTH DAKOTA
(44.35371, -100.373709)",
OHIO,2019,2,,-,4,,,-,1,,,-,0,,,-,,-,,-,0,,,-,,-,"OHIO
(40.056807, -82.405897)",
SOUTH CAROLINA,2019,2,,-,0,,,-,,-,,-,2,,,-,,-,,-,1,,,-,,-,"SOUTH CAROLINA
(34.009286, -81.037094)",
NEW HAMPSHIRE,2019,2,,-,1,,,-,,-,,-,0,,,-,,-,,-,0,,,-,,-,"NEW HAMPSHIRE
(43.657736, -71.500736)",
VIRGINIA,2019,2,,-,5,,,-,1,,,-,0,,,-,,-,,-,1,,,-,,-,"VIRGINIA
(37.542699, -78.45822)",
WEST VIRGINIA,2019,2,,-,0,,,-,,-,,-,0,,,-,,-,,-,0,,,-,,-,"WEST VIRGINIA
(38.668501, -80.709421)",
ALASKA,2019,2,,-,1,,,-,1,,,-,0,,,-,,-,,-,0,,,-,,-,"ALASKA
(64.836661, -147.738891)",
MINNESOTA,2019,2,,-,0,,,-,,-,,-,0,,,-,,-,,-,1,,,-,,-,"MINNESOTA
(46.357661, -94.793397)",
NEBRASKA,2019,2,,-,2,,,-,,-,,-,0,,,-,,-,,-,0,,,-,,-,"NEBRASKA
(41.640503, -99.367122)",
IOWA,2019,2,,-,2,,,-,1,,,-,0,,,-,,-,,-,0,,,-,,-,"IOWA
(42.46942, -93.815856)",
CALIFORNIA,2019,2,,-,5,,,-,3,,,-,3,,,-,,-,,-,2,,1,,,-,"CALIFORNIA
(37.640735, -121.002435)",
NORTHERN MARIANA ISLANDS,2019,2,,-,0,,,-,,-,,-,0,,,-,,-,,-,0,,,-,,-,"NORTHERN MARIANA ISLANDS
(15.1834, 145.725693)",
ILLINOIS,2019,2,,-,4,,,-,2,,,-,1,,,-,,-,,-,1,,,-,1,,"ILLINOIS
(40.477092, -88.993221)",
ARIZONA,2019,2,,-,5,,,-,,-,,-,0,,,-,,-,,-,0,,,-,,-,"ARIZONA
(34.869712, -111.760902)",
NORTH DAKOTA,2019,2,,-,1,,,-,,-,,-,0,,,-,,-,,-,0,,,-,,-,"NORTH DAKOTA
(47.475879, -100.121011)",
MISSOURI,2019,2,,-,3,,,-,,-,,-,0,,,-,,-,,-,6,,,-,,-,"MISSOURI
(38.636168, -92.566292)",
NEW JERSEY,2019,2,,-,6,,1,,4,,,-,0,,,-,,-,,-,6,,,-,,-,"NEW JERSEY
(40.104655, -74.386686)",
UTAH,2019,2,,-,1,,,-,,-,,-,0,,,-,,-,,-,0,,,-,,-,"UTAH
(39.359772, -111.584173)",
PENNSYLVANIA,2019,2,1,,8,,1,,2,,,-,0,,,-,,-,,-,1,,,-,,-,"PENNSYLVANIA
(40.789676, -77.858055)",
KANSAS,2019,2,,-,2,,1,,1,,,-,5,,,-,,-,,-,1,,,-,,-,"KANSAS
(38.345528, -98.201847)",
RHODE ISLAND,2019,2,,-,2,,,-,,-,,-,0,,,-,,-,,-,0,,,-,,-,"RHODE ISLAND
(41.707447, -71.522488)",
MARYLAND,2019,2,,-,9,,,-,6,,,-,0,,,-,,-,,-,1,,,-,,-,"MARYLAND
(39.290443, -76.612333)",
NEW YORK,2019,2,,-,4,,,-,2,,,-,0,,,-,,-,,-,14,,,-,,-,"NEW YORK
(42.826892, -75.544286)",
LOUISIANA,2019,2,,-,2,,,-,2,,,-,0,,,-,,-,,-,1,,,-,,-,"LOUISIANA
(31.2931, -92.463284)",
COLORADO,2019,2,,-,3,,,-,1,,,-,0,,,-,,-,,-,0,,,-,,-,"COLORADO
(38.841772, -106.132562)",
ARKANSAS,2019,2,,-,1,,,-,,-,,-,0,,,-,,-,,-,1,,,-,,-,"ARKANSAS
(34.748745, -92.275105)",
MICHIGAN,2019,2,,-,3,,,-,,-,,-,0,,,-,,-,,-,4,,,-,,-,"MICHIGAN
(44.66399, -84.711206)",
TEXAS,2019,2,,-,5,,,-,,-,,-,5,,,-,,-,,-,1,,,-,,-,"TEXAS
(31.827233, -99.423022)",
NEVADA,2019,2,,-,2,,,-,,-,,-,0,,,-,,-,,-,1,,,-,,-,"NEVADA
(39.491833, -117.070159)",
CONNECTICUT,2019,2,,-,1,,,-,,-,,-,0,,,-,,-,,-,1,,,-,,-,"CONNECTICUT
(41.544654, -72.651713)",
MONTANA,2019,2,,-,1,,,-,,-,,-,0,,,-,,-,,-,0,,,-,,-,"MONTANA
(47.062617, -109.430168)",
PUERTO RICO,2019,2,,-,0,,,-,,-,,-,0,,,-,,-,,-,0,,,-,,-,"PUERTO RICO
(18.215692, -66.414655)",
INDIANA,2019,2,,-,1,,,-,1,,,-,0,,,-,,-,,-,0,,,-,1,,"INDIANA
(39.76845, -86.156212)",
DELAWARE,2019,2,,-,2,,,-,1,,,-,0,,,-,,-,,-,0,,,-,,-,"DELAWARE
(39.008676, -75.574561)",
US RESIDENTS,2019,3,10,,53,,23,,64,,,-,9,,2,,,-,5,,18,,10,,4,,,US RESIDENTS
NEW ENGLAND,2019,3,,-,5,,1,,3,,,-,0,,,-,,-,,-,1,,,-,,-,,NEW ENGLAND
MIDDDLE ATLANTIC,2019,3,5,,24,,12,,21,,,-,9,,2,,,-,4,,16,,7,,1,,,MIDDDLE ATLANTIC
NEW YORK CITY,2019,3,1,,11,,5,,7,,,-,9,,2,,,-,,-,2,,,-,,-,,NEW YORK CITY
EAST NORTH CENTRAL,2019,3,,-,7,,,-,8,,,-,1,,,-,,-,,-,4,,,-,2,,,EAST NORTH CENTRAL
WEST NORTH CENTRAL,2019,3,1,,5,,2,,4,,,-,5,,,-,,-,,-,6,,,-,,-,,WEST NORTH CENTRAL
SOUTH ATLANTIC,2019,3,3,,21,,5,,19,,,-,3,,,-,,-,,-,3,,,-,,-,,SOUTH ATLANTIC
EAST SOUTH CENTRAL,2019,3,,-,4,,,-,,-,,-,0,,,-,,-,,-,1,,,-,,-,,EAST SOUTH CENTRAL
WEST SOUTH CENTRAL,2019,3,1,,5,,2,,2,,,-,5,,,-,,-,,-,1,,,-,1,,,WEST SOUTH CENTRAL
MOUNTAIN,2019,3,,-,7,,,-,2,,,-,0,,,-,,-,1,,1,,1,,,-,,MOUNTAIN
PACIFIC,2019,3,,-,8,,1,,5,,,-,3,,,-,,-,,-,2,,2,,,-,,PACIFIC
US TERRITORIES,2019,3,,-,0,,,-,,-,,-,0,,,-,,-,,-,0,,,-,,-,,US TERRITORIES
AMERICAN SAMOA,2019,3,,-,0,,,-,,-,,-,0,,,-,,-,,-,0,,,-,,-,,AMERICAN SAMOA
NON-US RESIDENTS,2019,3,,-,,NC,,-,,NP,,-,,NC,,-,,NP,,-,,NC,,-,,NP,,NON-US RESIDENTS
TOTAL,2019,3,10,,53,,23,,64,,,-,9,,2,,,-,5,,18,,10,,4,,,TOTAL
ALABAMA,2019,3,,-,3,,,-,,-,,-,0,,,-,,-,,-,0,,,-,,-,"ALABAMA
(32.839182, -86.631125)",
IDAHO,2019,3,,-,1,,,-,,-,,-,0,,,-,,-,,-,1,,,-,,-,"IDAHO
(43.680635, -114.364237)",
GUAM,2019,3,,-,0,,,-,,-,,-,0,,,-,,-,,-,0,,,-,,-,"GUAM
(13.3532, 144.653198)",
WISCONSIN,2019,3,,-,1,,,-,,-,,-,0,,,-,,-,,-,0,,,-,,-,"WISCONSIN
(44.395526, -89.834513)",
TEXAS,2019,3,1,,5,,1,,,-,,-,5,,,-,,-,,-,1,,,-,,-,"TEXAS
(31.827233, -99.423022)",
OKLAHOMA,2019,3,,-,1,,,-,,-,,-,0,,,-,,-,,-,1,,,-,,-,"OKLAHOMA
(35.468494, -97.521264)",
MAINE,2019,3,,-,1,,,-,,-,,-,0,,,-,,-,,-,0,,,-,,-,"MAINE
(45.252223, -68.986647)",
OREGON,2019,3,,-,2,,,-,,-,,-,1,,,-,,-,,-,1,,1,,,-,"OREGON
(44.567912, -120.156945)",
IOWA,2019,3,,-,2,,,-,1,,,-,0,,,-,,-,,-,0,,,-,,-,"IOWA
(42.46942, -93.815856)",
U.S. VIRGIN ISLANDS,2019,3,,-,0,,,-,,-,,-,0,,,-,,-,,-,0,,,-,,-,"VIRGIN ISLANDS
(18.060868, -64.840836)",
MASSACHUSETTS,2019,3,,-,4,,1,,2,,,-,0,,,-,,-,,-,1,,,-,,-,"MASSACHUSETTS
(42.268546, -72.085064)",
MISSOURI,2019,3,1,,3,,1,,1,,,-,0,,,-,,-,,-,6,,,-,,-,"MISSOURI
(38.636168, -92.566292)",
MISSISSIPPI,2019,3,,-,1,,,-,,-,,-,0,,,-,,-,,-,0,,,-,,-,"MISSISSIPPI
(32.738663, -89.537312)",
MONTANA,2019,3,,-,1,,,-,,-,,-,0,,,-,,-,,-,0,,,-,,-,"MONTANA
(47.062617, -109.430168)",
ILLINOIS,2019,3,,-,4,,,-,3,,,-,1,,,-,,-,,-,1,,,-,1,,"ILLINOIS
(40.477092, -88.993221)",
NEW YORK,2019,3,2,,4,,2,,3,,,-,0,,,-,,-,4,,14,,6,,,-,"NEW YORK
(42.826892, -75.544286)",
NEW HAMPSHIRE,2019,3,,-,1,,,-,,-,,-,0,,,-,,-,,-,0,,,-,,-,"NEW HAMPSHIRE
(43.657736, -71.500736)",
VERMONT,2019,3,,-,1,,,-,,-,,-,0,,,-,,-,,-,1,,,-,,-,"VERMONT
(43.622479, -72.51927)",
NEW MEXICO,2019,3,,-,1,,,-,,-,,-,0,,,-,,-,,-,0,,,-,,-,"NEW MEXICO
(34.520396, -106.244402)",
NORTH CAROLINA,2019,3,,-,4,,,-,2,,,-,1,,,-,,-,,-,1,,,-,,-,"NORTH CAROLINA
(35.47995, -79.180571)",
NORTH DAKOTA,2019,3,,-,1,,,-,,-,,-,0,,,-,,-,,-,0,,,-,,-,"NORTH DAKOTA
(47.475879, -100.121011)",
SOUTH CAROLINA,2019,3,,-,0,,,-,,-,,-,2,,,-,,-,,-,1,,,-,,-,"SOUTH CAROLINA
(34.009286, -81.037094)",
MICHIGAN,2019,3,,-,3,,,-,1,,,-,0,,,-,,-,,-,4,,,-,,-,"MICHIGAN
(44.66399, -84.711206)",
NEBRASKA,2019,3,,-,2,,,-,,-,,-,0,,,-,,-,,-,0,,,-,,-,"NEBRASKA
(41.640503, -99.367122)",
MINNESOTA,2019,3,,-,0,,,-,,-,,-,0,,,-,,-,,-,1,,,-,,-,"MINNESOTA
(46.357661, -94.793397)",
FLORIDA,2019,3,,-,4,,,-,3,,,-,3,,,-,,-,,-,2,,,-,,-,"FLORIDA
(28.915325, -81.922409)",
PUERTO RICO,2019,3,,-,0,,,-,,-,,-,0,,,-,,-,,-,0,,,-,,-,"PUERTO RICO
(18.215692, -66.414655)",
NEW JERSEY,2019,3,,-,6,,2,,7,,,-,0,,,-,,-,,-,6,,,-,,-,"NEW JERSEY
(40.104655, -74.386686)",
ARKANSAS,2019,3,,-,1,,,-,,-,,-,0,,,-,,-,,-,1,,,-,1,,"ARKANSAS
(34.748745, -92.275105)",
DISTRICT OF COLUMBIA,2019,3,,-,2,,1,,1,,,-,0,,,-,,-,,-,1,,,-,,-,"DISTRICT OF COLUMBIA
(38.892062, -77.019912)",
NEVADA,2019,3,,-,2,,,-,,-,,-,0,,,-,,-,,-,1,,,-,,-,"NEVADA
(39.491833, -117.070159)",
SOUTH DAKOTA,2019,3,,-,2,,,-,,-,,-,0,,,-,,-,,-,0,,,-,,-,"SOUTH DAKOTA
(44.35371, -100.373709)",
INDIANA,2019,3,,-,1,,,-,2,,,-,0,,,-,,-,,-,0,,,-,1,,"INDIANA
(39.76845, -86.156212)",
ALASKA,2019,3,,-,1,,,-,1,,,-,0,,,-,,-,,-,0,,,-,,-,"ALASKA
(64.836661, -147.738891)",
VIRGINIA,2019,3,1,,5,,2,,1,,,-,0,,,-,,-,,-,1,,,-,,-,"VIRGINIA
(37.542699, -78.45822)",
COLORADO,2019,3,,-,3,,,-,2,,,-,0,,,-,,-,1,,0,,1,,,-,"COLORADO
(38.841772, -106.132562)",
WYOMING,2019,3,,-,1,,,-,,-,,-,0,,,-,,-,,-,0,,,-,,-,"WYOMING
(43.23558, -108.110518)",
TENNESSEE,2019,3,,-,2,,,-,,-,,-,0,,,-,,-,,-,1,,,-,,-,"TENNESSEE
(35.681402, -85.774444)",
GEORGIA,2019,3,,-,7,,,-,4,,,-,0,,,-,,-,,-,0,,,-,,-,"GEORGIA
(32.836038, -83.631709)",
HAWAII,2019,3,,-,1,,,-,,-,,-,0,,,-,,-,,-,0,,,-,,-,"HAWAII
(21.30992, -157.858158)",
MARYLAND,2019,3,2,,9,,2,,7,,,-,0,,,-,,-,,-,1,,,-,,-,"MARYLAND
(39.290443, -76.612333)",
KANSAS,2019,3,,-,2,,1,,2,,,-,5,,,-,,-,,-,1,,,-,,-,"KANSAS
(38.345528, -98.201847)",
NORTHERN MARIANA ISLANDS,2019,3,,-,0,,,-,,-,,-,0,,,-,,-,,-,0,,,-,,-,"NORTHERN MARIANA ISLANDS
(15.1834, 145.725693)",
ARIZONA,2019,3,,-,5,,,-,,-,,-,0,,,-,,-,,-,0,,,-,,-,"ARIZONA
(34.869712, -111.760902)",
WASHINGTON,2019,3,,-,4,,,-,,-,,-,0,,,-,,-,,-,1,,,-,,-,"WASHINGTON
(47.517368, -120.467672)",
OHIO,2019,3,,-,4,,,-,2,,,-,0,,,-,,-,,-,0,,,-,,-,"OHIO
(40.056807, -82.405897)",
KENTUCKY,2019,3,,-,1,,,-,,-,,-,0,,,-,,-,,-,0,,,-,,-,"KENTUCKY
(37.64591, -84.774043)",
DELAWARE,2019,3,,-,2,,,-,1,,,-,0,,,-,,-,,-,0,,,-,,-,"DELAWARE
(39.008676, -75.574561)",
WEST VIRGINIA,2019,3,,-,0,,,-,,-,,-,0,,,-,,-,,-,0,,,-,,-,"WEST VIRGINIA
(38.668501, -80.709421)",
CONNECTICUT,2019,3,,-,1,,,-,,-,,-,0,,,-,,-,,-,1,,,-,,-,"CONNECTICUT
(41.544654, -72.651713)",
PENNSYLVANIA,2019,3,2,,8,,3,,4,,,-,0,,,-,,-,,-,1,,1,,1,,"PENNSYLVANIA
(40.789676, -77.858055)",
RHODE ISLAND,2019,3,,-,2,,,-,1,,,-,0,,,-,,-,,-,0,,,-,,-,"RHODE ISLAND
(41.707447, -71.522488)",
LOUISIANA,2019,3,,-,1,,1,,2,,,-,0,,,-,,-,,-,1,,,-,,-,"LOUISIANA
(31.2931, -92.463284)",
CALIFORNIA,2019,3,,-,5,,1,,4,,,-,3,,,-,,-,,-,2,,1,,,-,"CALIFORNIA
(37.640735, -121.002435)",
UTAH,2019,3,,-,1,,,-,,-,,-,0,,,-,,-,,-,0,,,-,,-,"UTAH
(39.359772, -111.584173)",
US RESIDENTS,2019,4,10,,53,,48,,87,,,-,9,,5,,5,,1,,18,,12,,5,,,US RESIDENTS
NEW ENGLAND,2019,4,1,,5,,3,,3,,,-,0,,,-,,-,,-,1,,,-,,-,,NEW ENGLAND
MIDDDLE ATLANTIC,2019,4,3,,24,,18,,27,,,-,9,,5,,,-,,-,16,,7,,1,,,MIDDDLE ATLANTIC
NEW YORK CITY,2019,4,2,,11,,9,,10,,,-,9,,5,,,-,,-,2,,,-,,-,,NEW YORK CITY
EAST NORTH CENTRAL,2019,4,1,,7,,1,,11,,,-,1,,,-,,-,,-,4,,,-,2,,,EAST NORTH CENTRAL
WEST NORTH CENTRAL,2019,4,,-,5,,3,,5,,,-,5,,,-,,-,,-,6,,,-,,-,,WEST NORTH CENTRAL
SOUTH ATLANTIC,2019,4,5,,21,,14,,27,,,-,3,,,-,,-,,-,3,,,-,,-,,SOUTH ATLANTIC
EAST SOUTH CENTRAL,2019,4,,-,4,,,-,1,,,-,0,,,-,,-,,-,1,,,-,,-,,EAST SOUTH CENTRAL
WEST SOUTH CENTRAL,2019,4,,-,5,,2,,2,,,-,5,,,-,5,,,-,1,,,-,2,,,WEST SOUTH CENTRAL
MOUNTAIN,2019,4,,-,7,,2,,2,,,-,0,,,-,,-,,-,1,,1,,,-,,MOUNTAIN
PACIFIC,2019,4,,-,8,,5,,9,,,-,3,,,-,,-,1,,3,,4,,,-,,PACIFIC
US TERRITORIES,2019,4,,-,0,,,-,,-,,-,0,,,-,,-,,-,0,,,-,,-,,US TERRITORIES
AMERICAN SAMOA,2019,4,,-,0,,,-,,-,,-,0,,,-,,-,,-,0,,,-,,-,,AMERICAN SAMOA
NON-US RESIDENTS,2019,4,,-,,NC,,-,,NP,,-,,NC,,-,,NP,,-,,NC,,-,,NP,,NON-US RESIDENTS
TOTAL,2019,4,10,,53,,48,,87,,,-,9,,5,,5,,1,,18,,12,,5,,,TOTAL
NORTH CAROLINA,2019,4,,-,4,,,-,3,,,-,1,,,-,,-,,-,1,,,-,,-,"NORTH CAROLINA
(35.47995, -79.180571)",
TEXAS,2019,4,,-,5,,1,,,-,,-,5,,,-,5,,,-,1,,,-,1,,"TEXAS
(31.827233, -99.423022)",
HAWAII,2019,4,,-,1,,,-,,-,,-,0,,,-,,-,,-,0,,,-,,-,"HAWAII
(21.30992, -157.858158)",
NEVADA,2019,4,,-,2,,,-,,-,,-,0,,,-,,-,,-,1,,,-,,-,"NEVADA
(39.491833, -117.070159)",
FLORIDA,2019,4,,-,4,,,-,3,,,-,3,,,-,,-,,-,2,,,-,,-,"FLORIDA
(28.915325, -81.922409)",
WASHINGTON,2019,4,,-,4,,,-,1,,,-,0,,,-,,-,,-,1,,,-,,-,"WASHINGTON
(47.517368, -120.467672)",
NEW JERSEY,2019,4,,-,6,,3,,8,,,-,0,,,-,,-,,-,6,,,-,,-,"NEW JERSEY
(40.104655, -74.386686)",
OREGON,2019,4,,-,2,,,-,1,,,-,1,,,-,,-,1,,1,,2,,,-,"OREGON
(44.567912, -120.156945)",
GEORGIA,2019,4,,-,5,,,-,4,,,-,0,,,-,,-,,-,0,,,-,,-,"GEORGIA
(32.836038, -83.631709)",
MINNESOTA,2019,4,,-,0,,,-,,-,,-,0,,,-,,-,,-,1,,,-,,-,"MINNESOTA
(46.357661, -94.793397)",
VIRGINIA,2019,4,1,,5,,4,,1,,,-,0,,,-,,-,,-,1,,,-,,-,"VIRGINIA
(37.542699, -78.45822)",
PUERTO RICO,2019,4,,-,0,,,-,,-,,-,0,,,-,,-,,-,0,,,-,,-,"PUERTO RICO
(18.215692, -66.414655)",
MISSOURI,2019,4,,-,3,,1,,2,,,-,0,,,-,,-,,-,6,,,-,,-,"MISSOURI
(38.636168, -92.566292)",
GUAM,2019,4,,-,0,,,-,,-,,-,0,,,-,,-,,-,0,,,-,,-,"GUAM
(13.3532, 144.653198)",
NORTH DAKOTA,2019,4,,-,1,,,-,,-,,-,0,,,-,,-,,-,0,,,-,,-,"NORTH DAKOTA
(47.475879, -100.121011)",
IDAHO,2019,4,,-,1,,,-,,-,,-,0,,,-,,-,,-,0,,,-,,-,"IDAHO
(43.680635, -114.364237)",
U.S. VIRGIN ISLANDS,2019,4,,-,0,,,-,,-,,-,0,,,-,,-,,-,0,,,-,,-,"VIRGIN ISLANDS
(18.060868, -64.840836)",
INDIANA,2019,4,,-,1,,,-,2,,,-,0,,,-,,-,,-,0,,,-,1,,"INDIANA
(39.76845, -86.156212)",
MISSISSIPPI,2019,4,,-,1,,,-,,-,,-,0,,,-,,-,,-,0,,,-,,-,"MISSISSIPPI
(32.738663, -89.537312)",
ALASKA,2019,4,,-,1,,1,,2,,,-,0,,,-,,-,,-,0,,,-,,-,"ALASKA
(64.836661, -147.738891)",
NEW HAMPSHIRE,2019,4,,-,1,,,-,,-,,-,0,,,-,,-,,-,0,,,-,,-,"NEW HAMPSHIRE
(43.657736, -71.500736)",
CALIFORNIA,2019,4,,-,5,,4,,5,,,-,3,,,-,,-,,-,2,,2,,,-,"CALIFORNIA
(37.640735, -121.002435)",
NEW MEXICO,2019,4,,-,1,,,-,,-,,-,0,,,-,,-,,-,0,,,-,,-,"NEW MEXICO
(34.520396, -106.244402)",
MASSACHUSETTS,2019,4,1,,4,,3,,2,,,-,0,,,-,,-,,-,1,,,-,,-,"MASSACHUSETTS
(42.268546, -72.085064)",
SOUTH CAROLINA,2019,4,,-,0,,,-,,-,,-,2,,,-,,-,,-,1,,,-,,-,"SOUTH CAROLINA
(34.009286, -81.037094)",
MONTANA,2019,4,,-,1,,,-,,-,,-,0,,,-,,-,,-,0,,,-,,-,"MONTANA
(47.062617, -109.430168)",
RHODE ISLAND,2019,4,,-,2,,,-,1,,,-,0,,,-,,-,,-,0,,,-,,-,"RHODE ISLAND
(41.707447, -71.522488)",
WEST VIRGINIA,2019,4,,-,0,,,-,,-,,-,0,,,-,,-,,-,0,,,-,,-,"WEST VIRGINIA
(38.668501, -80.709421)",
MICHIGAN,2019,4,,-,3,,,-,2,,,-,0,,,-,,-,,-,4,,,-,,-,"MICHIGAN
(44.66399, -84.711206)",
ILLINOIS,2019,4,,-,4,,,-,3,,,-,1,,,-,,-,,-,1,,,-,1,,"ILLINOIS
(40.477092, -88.993221)",
DELAWARE,2019,4,3,,2,,4,,1,,,-,0,,,-,,-,,-,0,,,-,,-,"DELAWARE
(39.008676, -75.574561)",
NEBRASKA,2019,4,,-,2,,,-,,-,,-,0,,,-,,-,,-,0,,,-,,-,"NEBRASKA
(41.640503, -99.367122)",
WISCONSIN,2019,4,,-,1,,,-,,-,,-,0,,,-,,-,,-,0,,,-,,-,"WISCONSIN
(44.395526, -89.834513)",
ALABAMA,2019,4,,-,3,,,-,,-,,-,0,,,-,,-,,-,0,,,-,,-,"ALABAMA
(32.839182, -86.631125)",
CONNECTICUT,2019,4,,-,1,,,-,,-,,-,0,,,-,,-,,-,1,,,-,,-,"CONNECTICUT
(41.544654, -72.651713)",
WYOMING,2019,4,,-,1,,,-,,-,,-,0,,,-,,-,,-,0,,,-,,-,"WYOMING
(43.23558, -108.110518)",
TENNESSEE,2019,4,,-,2,,,-,1,,,-,0,,,-,,-,,-,1,,,-,,-,"TENNESSEE
(35.681402, -85.774444)",
NORTHERN MARIANA ISLANDS,2019,4,,-,0,,,-,,-,,-,0,,,-,,-,,-,0,,,-,,-,"NORTHERN MARIANA ISLANDS
(15.1834, 145.725693)",
UTAH,2019,4,,-,1,,,-,,-,,-,0,,,-,,-,,-,0,,,-,,-,"UTAH
(39.359772, -111.584173)",
SOUTH DAKOTA,2019,4,,-,2,,,-,,-,,-,0,,,-,,-,,-,0,,,-,,-,"SOUTH DAKOTA
(44.35371, -100.373709)",
VERMONT,2019,4,,-,1,,,-,,-,,-,0,,,-,,-,,-,1,,,-,,-,"VERMONT
(43.622479, -72.51927)",
PENNSYLVANIA,2019,4,1,,8,,4,,6,,,-,0,,,-,,-,,-,1,,1,,1,,"PENNSYLVANIA
(40.789676, -77.858055)",
COLORADO,2019,4,,-,3,,2,,2,,,-,0,,,-,,-,,-,1,,1,,,-,"COLORADO
(38.841772, -106.132562)",
LOUISIANA,2019,4,,-,1,,1,,2,,,-,0,,,-,,-,,-,1,,,-,,-,"LOUISIANA
(31.2931, -92.463284)",
DISTRICT OF COLUMBIA,2019,4,,-,2,,1,,1,,,-,0,,,-,,-,,-,1,,,-,,-,"DISTRICT OF COLUMBIA
(38.892062, -77.019912)",
OHIO,2019,4,1,,4,,1,,4,,,-,0,,,-,,-,,-,0,,,-,,-,"OHIO
(40.056807, -82.405897)",
NEW YORK,2019,4,,-,4,,2,,3,,,-,0,,,-,,-,,-,14,,6,,,-,"NEW YORK
(42.826892, -75.544286)",
ARKANSAS,2019,4,,-,1,,,-,,-,,-,0,,,-,,-,,-,0,,,-,1,,"ARKANSAS
(34.748745, -92.275105)",
ARIZONA,2019,4,,-,5,,,-,,-,,-,0,,,-,,-,,-,0,,,-,,-,"ARIZONA
(34.869712, -111.760902)",
OKLAHOMA,2019,4,,-,1,,,-,,-,,-,0,,,-,,-,,-,1,,,-,,-,"OKLAHOMA
(35.468494, -97.521264)",
IOWA,2019,4,,-,2,,1,,1,,,-,0,,,-,,-,,-,0,,,-,,-,"IOWA
(42.46942, -93.815856)",
MARYLAND,2019,4,1,,9,,5,,14,,,-,0,,,-,,-,,-,1,,,-,,-,"MARYLAND
(39.290443, -76.612333)",
MAINE,2019,4,,-,1,,,-,,-,,-,0,,,-,,-,,-,0,,,-,,-,"MAINE
(45.252223, -68.986647)",
KANSAS,2019,4,,-,2,,1,,2,,,-,5,,,-,,-,,-,1,,,-,,-,"KANSAS
(38.345528, -98.201847)",
KENTUCKY,2019,4,,-,1,,,-,,-,,-,0,,,-,,-,,-,0,,,-,,-,"KENTUCKY
(37.64591, -84.774043)",
US RESIDENTS,2019,5,8,,53,,67,,116,,1,,9,,8,,7,,1,,18,,16,,6,,,US RESIDENTS
NEW ENGLAND,2019,5,1,,5,,4,,5,,,-,0,,,-,,-,,-,1,,,-,,-,,NEW ENGLAND
MIDDDLE ATLANTIC,2019,5,3,,24,,25,,33,,,-,9,,7,,,-,1,,16,,11,,2,,,MIDDDLE ATLANTIC
NEW YORK CITY,2019,5,1,,11,,11,,11,,,-,9,,7,,,-,,-,2,,3,,,-,,NEW YORK CITY
EAST NORTH CENTRAL,2019,5,2,,7,,3,,16,,,-,1,,,-,,-,,-,4,,,-,2,,,EAST NORTH CENTRAL
WEST NORTH CENTRAL,2019,5,,-,5,,3,,6,,,-,5,,,-,,-,,-,6,,,-,,-,,WEST NORTH CENTRAL
SOUTH ATLANTIC,2019,5,1,,21,,16,,32,,,-,3,,,-,,-,,-,3,,,-,,-,,SOUTH ATLANTIC
EAST SOUTH CENTRAL,2019,5,,-,4,,,-,2,,,-,0,,,-,,-,,-,1,,,-,,-,,EAST SOUTH CENTRAL
WEST SOUTH CENTRAL,2019,5,,-,5,,2,,2,,,-,0,,,-,5,,,-,1,,,-,2,,,WEST SOUTH CENTRAL
MOUNTAIN,2019,5,,-,7,,5,,9,,,-,0,,,-,,-,,-,1,,1,,,-,,MOUNTAIN
PACIFIC,2019,5,1,,8,,9,,11,,1,,3,,1,,2,,,-,3,,4,,,-,,PACIFIC
US TERRITORIES,2019,5,,-,0,,,-,,-,,-,0,,,-,,-,,-,0,,,-,,-,,US TERRITORIES
AMERICAN SAMOA,2019,5,,-,0,,,-,,-,,-,0,,,-,,-,,-,0,,,-,,-,,AMERICAN SAMOA
NON-US RESIDENTS,2019,5,,-,,NC,,-,,NP,,-,,NC,,-,,NP,,-,,NC,,-,,NP,,NON-US RESIDENTS
TOTAL,2019,5,8,,53,,67,,116,,1,,9,,8,,7,,1,,18,,16,,6,,,TOTAL
COLORADO,2019,5,,-,3,,2,,3,,,-,0,,,-,,-,,-,1,,1,,,-,"COLORADO
(38.841772, -106.132562)",
FLORIDA,2019,5,,-,4,,,-,3,,,-,3,,,-,,-,,-,2,,,-,,-,"FLORIDA
(28.915325, -81.922409)",
NORTH DAKOTA,2019,5,,-,1,,,-,,-,,-,0,,,-,,-,,-,0,,,-,,-,"NORTH DAKOTA
(47.475879, -100.121011)",
RHODE ISLAND,2019,5,,-,2,,,-,1,,,-,0,,,-,,-,,-,0,,,-,,-,"RHODE ISLAND
(41.707447, -71.522488)",
OHIO,2019,5,2,,4,,3,,5,,,-,0,,,-,,-,,-,0,,,-,,-,"OHIO
(40.056807, -82.405897)",
ALASKA,2019,5,,-,1,,1,,2,,,-,0,,,-,,-,,-,0,,,-,,-,"ALASKA
(64.836661, -147.738891)",
UTAH,2019,5,,-,1,,,-,,-,,-,0,,,-,,-,,-,0,,,-,,-,"UTAH
(39.359772, -111.584173)",
SOUTH DAKOTA,2019,5,,-,2,,,-,,-,,-,0,,,-,,-,,-,0,,,-,,-,"SOUTH DAKOTA
(44.35371, -100.373709)",
TENNESSEE,2019,5,,-,2,,,-,1,,,-,0,,,-,,-,,-,1,,,-,,-,"TENNESSEE
(35.681402, -85.774444)",
OREGON,2019,5,,-,2,,,-,1,,1,,2,,1,,2,,,-,1,,2,,,-,"OREGON
(44.567912, -120.156945)",
NEVADA,2019,5,,-,2,,,-,,-,,-,0,,,-,,-,,-,1,,,-,,-,"NEVADA
(39.491833, -117.070159)",
NORTH CAROLINA,2019,5,,-,4,,,-,3,,,-,1,,,-,,-,,-,1,,,-,,-,"NORTH CAROLINA
(35.47995, -79.180571)",
MARYLAND,2019,5,,-,9,,5,,17,,,-,0,,,-,,-,,-,1,,,-,,-,"MARYLAND
(39.290443, -76.612333)",
CONNECTICUT,2019,5,,-,1,,,-,1,,,-,0,,,-,,-,,-,1,,,-,,-,"CONNECTICUT
(41.544654, -72.651713)",
IDAHO,2019,5,,-,1,,,-,,-,,-,0,,,-,,-,,-,0,,,-,,-,"IDAHO
(43.680635, -114.364237)",
PUERTO RICO,2019,5,,-,0,,,-,,-,,-,0,,,-,,-,,-,0,,,-,,-,"PUERTO RICO
(18.215692, -66.414655)",
IOWA,2019,5,,-,2,,1,,1,,,-,0,,,-,,-,,-,0,,,-,,-,"IOWA
(42.46942, -93.815856)",
INDIANA,2019,5,,-,1,,,-,3,,,-,0,,,-,,-,,-,0,,,-,1,,"INDIANA
(39.76845, -86.156212)",
GEORGIA,2019,5,,-,5,,,-,4,,,-,0,,,-,,-,,-,0,,,-,,-,"GEORGIA
(32.836038, -83.631709)",
VERMONT,2019,5,,-,1,,,-,,-,,-,0,,,-,,-,,-,1,,,-,,-,"VERMONT
(43.622479, -72.51927)",
NEW YORK,2019,5,,-,4,,2,,6,,,-,0,,,-,,-,1,,14,,7,,,-,"NEW YORK
(42.826892, -75.544286)",
WEST VIRGINIA,2019,5,,-,0,,,-,,-,,-,0,,,-,,-,,-,0,,,-,,-,"WEST VIRGINIA
(38.668501, -80.709421)",
U.S. VIRGIN ISLANDS,2019,5,,-,0,,,-,,-,,-,0,,,-,,-,,-,0,,,-,,-,"VIRGIN ISLANDS
(18.060868, -64.840836)",
WASHINGTON,2019,5,,-,4,,,-,2,,,-,0,,,-,,-,,-,1,,,-,,-,"WASHINGTON
(47.517368, -120.467672)",
ARIZONA,2019,5,,-,5,,3,,5,,,-,0,,,-,,-,,-,0,,,-,,-,"ARIZONA
(34.869712, -111.760902)",
KENTUCKY,2019,5,,-,1,,,-,,-,,-,0,,,-,,-,,-,0,,,-,,-,"KENTUCKY
(37.64591, -84.774043)",
WYOMING,2019,5,,-,1,,,-,,-,,-,0,,,-,,-,,-,0,,,-,,-,"WYOMING
(43.23558, -108.110518)",
NEBRASKA,2019,5,,-,2,,,-,1,,,-,0,,,-,,-,,-,0,,,-,,-,"NEBRASKA
(41.640503, -99.367122)",
CALIFORNIA,2019,5,1,,5,,8,,6,,,-,3,,,-,,-,,-,2,,2,,,-,"CALIFORNIA
(37.640735, -121.002435)",
ILLINOIS,2019,5,,-,4,,,-,4,,,-,1,,,-,,-,,-,1,,,-,1,,"ILLINOIS
(40.477092, -88.993221)",
MICHIGAN,2019,5,,-,3,,,-,4,,,-,0,,,-,,-,,-,4,,,-,,-,"MICHIGAN
(44.66399, -84.711206)",
TEXAS,2019,5,,-,5,,1,,,-,,-,0,,,-,5,,,-,1,,,-,1,,"TEXAS
(31.827233, -99.423022)",
MAINE,2019,5,,-,1,,,-,1,,,-,0,,,-,,-,,-,0,,,-,,-,"MAINE
(45.252223, -68.986647)",
WISCONSIN,2019,5,,-,1,,,-,,-,,-,0,,,-,,-,,-,0,,,-,,-,"WISCONSIN
(44.395526, -89.834513)",
HAWAII,2019,5,,-,1,,,-,,-,,-,0,,,-,,-,,-,0,,,-,,-,"HAWAII
(21.30992, -157.858158)",
PENNSYLVANIA,2019,5,2,,8,,7,,7,,,-,0,,,-,,-,,-,1,,1,,2,,"PENNSYLVANIA
(40.789676, -77.858055)",
MASSACHUSETTS,2019,5,1,,4,,4,,2,,,-,0,,,-,,-,,-,1,,,-,,-,"MASSACHUSETTS
(42.268546, -72.085064)",
KANSAS,2019,5,,-,2,,1,,2,,,-,5,,,-,,-,,-,1,,,-,,-,"KANSAS
(38.345528, -98.201847)",
MISSISSIPPI,2019,5,,-,1,,,-,1,,,-,0,,,-,,-,,-,0,,,-,,-,"MISSISSIPPI
(32.738663, -89.537312)",
MONTANA,2019,5,,-,1,,,-,,-,,-,0,,,-,,-,,-,0,,,-,,-,"MONTANA
(47.062617, -109.430168)",
MINNESOTA,2019,5,,-,0,,,-,,-,,-,0,,,-,,-,,-,1,,,-,,-,"MINNESOTA
(46.357661, -94.793397)",
ALABAMA,2019,5,,-,3,,,-,,-,,-,0,,,-,,-,,-,0,,,-,,-,"ALABAMA
(32.839182, -86.631125)",
DISTRICT OF COLUMBIA,2019,5,,-,2,,1,,1,,,-,0,,,-,,-,,-,1,,,-,,-,"DISTRICT OF COLUMBIA
(38.892062, -77.019912)",
OKLAHOMA,2019,5,,-,1,,,-,,-,,-,0,,,-,,-,,-,1,,,-,,-,"OKLAHOMA
(35.468494, -97.521264)",
SOUTH CAROLINA,2019,5,,-,0,,,-,,-,,-,2,,,-,,-,,-,1,,,-,,-,"SOUTH CAROLINA
(34.009286, -81.037094)",
ARKANSAS,2019,5,,-,1,,,-,,-,,-,0,,,-,,-,,-,0,,,-,1,,"ARKANSAS
(34.748745, -92.275105)",
MISSOURI,2019,5,,-,3,,1,,2,,,-,0,,,-,,-,,-,6,,,-,,-,"MISSOURI
(38.636168, -92.566292)",
NEW MEXICO,2019,5,,-,1,,,-,1,,,-,0,,,-,,-,,-,0,,,-,,-,"NEW MEXICO
(34.520396, -106.244402)",
VIRGINIA,2019,5,,-,5,,5,,2,,,-,0,,,-,,-,,-,1,,,-,,-,"VIRGINIA
(37.542699, -78.45822)",
LOUISIANA,2019,5,,-,1,,1,,2,,,-,0,,,-,,-,,-,1,,,-,,-,"LOUISIANA
(31.2931, -92.463284)",
GUAM,2019,5,,-,0,,,-,,-,,-,0,,,-,,-,,-,0,,,-,,-,"GUAM
(13.3532, 144.653198)",
DELAWARE,2019,5,1,,3,,5,,2,,,-,0,,,-,,-,,-,0,,,-,,-,"DELAWARE
(39.008676, -75.574561)",
NEW HAMPSHIRE,2019,5,,-,1,,,-,,-,,-,0,,,-,,-,,-,0,,,-,,-,"NEW HAMPSHIRE
(43.657736, -71.500736)",
NEW JERSEY,2019,5,,-,6,,5,,9,,,-,0,,,-,,-,,-,6,,,-,,-,"NEW JERSEY
(40.104655, -74.386686)",
NORTHERN MARIANA ISLANDS,2019,5,,-,0,,,-,,-,,-,0,,,-,,-,,-,0,,,-,,-,"NORTHERN MARIANA ISLANDS
(15.1834, 145.725693)",
US RESIDENTS,2019,6,12,,53,,100,,130,,1,,9,,13,,7,,4,,18,,21,,6,,,US RESIDENTS
NEW ENGLAND,2019,6,1,,5,,7,,5,,,-,2,,2,,,-,,-,1,,,-,,-,,NEW ENGLAND
MIDDDLE ATLANTIC,2019,6,3,,24,,32,,35,,1,,9,,8,,,-,4,,16,,16,,2,,,MIDDDLE ATLANTIC
NEW YORK CITY,2019,6,1,,11,,14,,12,,,-,9,,7,,,-,,-,2,,4,,,-,,NEW YORK CITY
EAST NORTH CENTRAL,2019,6,3,,7,,7,,17,,,-,1,,,-,,-,,-,4,,,-,2,,,EAST NORTH CENTRAL
WEST NORTH CENTRAL,2019,6,,-,5,,4,,7,,,-,5,,,-,,-,,-,6,,,-,,-,,WEST NORTH CENTRAL
SOUTH ATLANTIC,2019,6,5,,21,,33,,40,,,-,3,,,-,,-,,-,3,,,-,,-,,SOUTH ATLANTIC
EAST SOUTH CENTRAL,2019,6,,-,4,,1,,2,,,-,0,,,-,,-,,-,1,,,-,,-,,EAST SOUTH CENTRAL
WEST SOUTH CENTRAL,2019,6,,-,5,,2,,4,,,-,1,,1,,5,,,-,1,,,-,2,,,WEST SOUTH CENTRAL
MOUNTAIN,2019,6,,-,4,,5,,9,,,-,0,,,-,,-,,-,1,,1,,,-,,MOUNTAIN
PACIFIC,2019,6,,-,8,,9,,11,,,-,3,,2,,2,,,-,3,,4,,,-,,PACIFIC
US TERRITORIES,2019,6,,-,0,,,-,,-,,-,0,,,-,,-,,-,0,,,-,,-,,US TERRITORIES
AMERICAN SAMOA,2019,6,,-,0,,,-,,-,,-,0,,,-,,-,,-,0,,,-,,-,,AMERICAN SAMOA
NON-US RESIDENTS,2019,6,,-,,NC,,-,,NP,,-,,NC,,-,,NP,,-,,NC,,-,,NP,,NON-US RESIDENTS
TOTAL,2019,6,12,,53,,100,,130,,1,,9,,13,,7,,4,,18,,21,,6,,,TOTAL
KENTUCKY,2019,6,,-,1,,,-,,-,,-,0,,,-,,-,,-,0,,,-,,-,"KENTUCKY
(37.64591, -84.774043)",
IDAHO,2019,6,,-,1,,,-,,-,,-,0,,,-,,-,,-,0,,,-,,-,"IDAHO
(43.680635, -114.364237)",
MICHIGAN,2019,6,,-,3,,,-,5,,,-,0,,,-,,-,,-,4,,,-,,-,"MICHIGAN
(44.66399, -84.711206)",
GEORGIA,2019,6,,-,5,,,-,4,,,-,0,,,-,,-,,-,0,,,-,,-,"GEORGIA
(32.836038, -83.631709)",
IOWA,2019,6,,-,2,,1,,1,,,-,0,,,-,,-,,-,0,,,-,,-,"IOWA
(42.46942, -93.815856)",
RHODE ISLAND,2019,6,,-,2,,,-,1,,,-,0,,,-,,-,,-,0,,,-,,-,"RHODE ISLAND
(41.707447, -71.522488)",
LOUISIANA,2019,6,,-,1,,1,,2,,,-,0,,,-,,-,,-,1,,,-,,-,"LOUISIANA
(31.2931, -92.463284)",
MISSOURI,2019,6,,-,3,,1,,2,,,-,0,,,-,,-,,-,6,,,-,,-,"MISSOURI
(38.636168, -92.566292)",
NEW HAMPSHIRE,2019,6,,-,1,,,-,,-,,-,0,,,-,,-,,-,0,,,-,,-,"NEW HAMPSHIRE
(43.657736, -71.500736)",
COLORADO,2019,6,,-,3,,2,,3,,,-,0,,,-,,-,,-,1,,1,,,-,"COLORADO
(38.841772, -106.132562)",
OKLAHOMA,2019,6,,-,1,,,-,,-,,-,0,,,-,,-,,-,1,,,-,,-,"OKLAHOMA
(35.468494, -97.521264)",
MONTANA,2019,6,,-,1,,,-,,-,,-,0,,,-,,-,,-,0,,,-,,-,"MONTANA
(47.062617, -109.430168)",
TENNESSEE,2019,6,,-,2,,1,,1,,,-,0,,,-,,-,,-,1,,,-,,-,"TENNESSEE
(35.681402, -85.774444)",
U.S. VIRGIN ISLANDS,2019,6,,-,0,,,-,,-,,-,0,,,-,,-,,-,0,,,-,,-,"VIRGIN ISLANDS
(18.060868, -64.840836)",
DISTRICT OF COLUMBIA,2019,6,,-,2,,2,,1,,,-,0,,,-,,-,,-,1,,,-,,-,"DISTRICT OF COLUMBIA
(38.892062, -77.019912)",
HAWAII,2019,6,,-,1,,,-,,-,,-,0,,,-,,-,,-,0,,,-,,-,"HAWAII
(21.30992, -157.858158)",
NEVADA,2019,6,,-,2,,,-,,-,,-,0,,,-,,-,,-,1,,,-,,-,"NEVADA
(39.491833, -117.070159)",
SOUTH CAROLINA,2019,6,,-,0,,,-,,-,,-,2,,,-,,-,,-,1,,,-,,-,"SOUTH CAROLINA
(34.009286, -81.037094)",
ALASKA,2019,6,,-,1,,1,,2,,,-,0,,,-,,-,,-,0,,,-,,-,"ALASKA
(64.836661, -147.738891)",
GUAM,2019,6,,-,0,,,-,,-,,-,0,,,-,,-,,-,0,,,-,,-,"GUAM
(13.3532, 144.653198)",
CALIFORNIA,2019,6,,-,5,,8,,6,,,-,3,,,-,,-,,-,2,,2,,,-,"CALIFORNIA
(37.640735, -121.002435)",
VIRGINIA,2019,6,,-,5,,5,,3,,,-,0,,,-,,-,,-,1,,,-,,-,"VIRGINIA
(37.542699, -78.45822)",
ALABAMA,2019,6,,-,3,,,-,,-,,-,0,,,-,,-,,-,0,,,-,,-,"ALABAMA
(32.839182, -86.631125)",
UTAH,2019,6,,-,1,,,-,,-,,-,0,,,-,,-,,-,0,,,-,,-,"UTAH
(39.359772, -111.584173)",
PUERTO RICO,2019,6,,-,0,,,-,,-,,-,0,,,-,,-,,-,0,,,-,,-,"PUERTO RICO
(18.215692, -66.414655)",
FLORIDA,2019,6,,-,4,,,-,4,,,-,3,,,-,,-,,-,2,,,-,,-,"FLORIDA
(28.915325, -81.922409)",
MISSISSIPPI,2019,6,,-,1,,,-,1,,,-,0,,,-,,-,,-,0,,,-,,-,"MISSISSIPPI
(32.738663, -89.537312)",
NEW JERSEY,2019,6,,-,6,,5,,10,,,-,0,,,-,,-,,-,6,,,-,,-,"NEW JERSEY
(40.104655, -74.386686)",
WYOMING,2019,6,,-,1,,,-,,-,,-,0,,,-,,-,,-,0,,,-,,-,"WYOMING
(43.23558, -108.110518)",
NEBRASKA,2019,6,,-,2,,,-,1,,,-,0,,,-,,-,,-,0,,,-,,-,"NEBRASKA
(41.640503, -99.367122)",
INDIANA,2019,6,,-,1,,,-,3,,,-,0,,,-,,-,,-,0,,,-,1,,"INDIANA
(39.76845, -86.156212)",
CONNECTICUT,2019,6,,-,1,,,-,1,,,-,2,,2,,,-,,-,1,,,-,,-,"CONNECTICUT
(41.544654, -72.651713)",
ARIZONA,2019,6,,-,3,,3,,5,,,-,0,,,-,,-,,-,0,,,-,,-,"ARIZONA
(34.869712, -111.760902)",
MARYLAND,2019,6,5,,9,,20,,21,,,-,0,,,-,,-,,-,1,,,-,,-,"MARYLAND
(39.290443, -76.612333)",
TEXAS,2019,6,,-,5,,1,,2,,,-,1,,1,,5,,,-,1,,,-,1,,"TEXAS
(31.827233, -99.423022)",
OREGON,2019,6,,-,2,,,-,1,,,-,2,,2,,2,,,-,1,,2,,,-,"OREGON
(44.567912, -120.156945)",
NEW MEXICO,2019,6,,-,1,,,-,1,,,-,0,,,-,,-,,-,0,,,-,,-,"NEW MEXICO
(34.520396, -106.244402)",
ARKANSAS,2019,6,,-,1,,,-,,-,,-,0,,,-,,-,,-,0,,,-,1,,"ARKANSAS
(34.748745, -92.275105)",
MAINE,2019,6,,-,1,,,-,1,,,-,0,,,-,,-,,-,0,,,-,,-,"MAINE
(45.252223, -68.986647)",
DELAWARE,2019,6,,-,3,,5,,3,,,-,0,,,-,,-,,-,0,,,-,,-,"DELAWARE
(39.008676, -75.574561)",
WASHINGTON,2019,6,,-,4,,,-,2,,,-,0,,,-,,-,,-,1,,,-,,-,"WASHINGTON
(47.517368, -120.467672)",
NEW YORK,2019,6,1,,4,,3,,6,,1,,0,,1,,,-,4,,14,,11,,,-,"NEW YORK
(42.826892, -75.544286)",
SOUTH DAKOTA,2019,6,,-,2,,,-,,-,,-,0,,,-,,-,,-,0,,,-,,-,"SOUTH DAKOTA
(44.35371, -100.373709)",
KANSAS,2019,6,,-,2,,1,,2,,,-,5,,,-,,-,,-,1,,,-,,-,"KANSAS
(38.345528, -98.201847)",
PENNSYLVANIA,2019,6,1,,8,,10,,7,,,-,0,,,-,,-,,-,1,,1,,2,,"PENNSYLVANIA
(40.789676, -77.858055)",
VERMONT,2019,6,,-,1,,1,,,-,,-,0,,,-,,-,,-,1,,,-,,-,"VERMONT
(43.622479, -72.51927)",
WISCONSIN,2019,6,,-,1,,,-,,-,,-,0,,,-,,-,,-,0,,,-,,-,"WISCONSIN
(44.395526, -89.834513)",
MINNESOTA,2019,6,,-,0,,,-,,-,,-,0,,,-,,-,,-,1,,,-,,-,"MINNESOTA
(46.357661, -94.793397)",
NORTH DAKOTA,2019,6,,-,1,,1,,1,,,-,0,,,-,,-,,-,0,,,-,,-,"NORTH DAKOTA
(47.475879, -100.121011)",
WEST VIRGINIA,2019,6,,-,0,,,-,,-,,-,0,,,-,,-,,-,0,,,-,,-,"WEST VIRGINIA
(38.668501, -80.709421)",
NORTHERN MARIANA ISLANDS,2019,6,,-,0,,,-,,-,,-,0,,,-,,-,,-,0,,,-,,-,"NORTHERN MARIANA ISLANDS
(15.1834, 145.725693)",
MASSACHUSETTS,2019,6,1,,4,,6,,2,,,-,0,,,-,,-,,-,1,,,-,,-,"MASSACHUSETTS
(42.268546, -72.085064)",
NORTH CAROLINA,2019,6,,-,4,,1,,4,,,-,1,,,-,,-,,-,1,,,-,,-,"NORTH CAROLINA
(35.47995, -79.180571)",
OHIO,2019,6,3,,4,,6,,5,,,-,0,,,-,,-,,-,0,,,-,,-,"OHIO
(40.056807, -82.405897)",
ILLINOIS,2019,6,,-,4,,1,,4,,,-,1,,,-,,-,,-,1,,,-,1,,"ILLINOIS
(40.477092, -88.993221)",
US RESIDENTS,2019,7,8,,53,,120,,149,,1,,9,,25,,7,,5,,18,,27,,8,,,US RESIDENTS
NEW ENGLAND,2019,7,,-,5,,8,,5,,,-,2,,2,,,-,,-,1,,,-,,-,,NEW ENGLAND
MIDDDLE ATLANTIC,2019,7,3,,24,,39,,41,,,-,9,,13,,,-,5,,16,,21,,2,,,MIDDDLE ATLANTIC
NEW YORK CITY,2019,7,1,,11,,18,,13,,,-,9,,12,,,-,,-,2,,4,,,-,,NEW YORK CITY
EAST NORTH CENTRAL,2019,7,1,,7,,8,,18,,,-,1,,1,,,-,,-,4,,1,,2,,,EAST NORTH CENTRAL
WEST NORTH CENTRAL,2019,7,,-,5,,5,,8,,,-,5,,,-,,-,,-,6,,,-,1,,,WEST NORTH CENTRAL
SOUTH ATLANTIC,2019,7,4,,21,,41,,49,,,-,3,,,-,,-,,-,3,,,-,,-,,SOUTH ATLANTIC
EAST SOUTH CENTRAL,2019,7,,-,4,,2,,2,,,-,0,,,-,,-,,-,1,,,-,,-,,EAST SOUTH CENTRAL
WEST SOUTH CENTRAL,2019,7,,-,5,,2,,4,,1,,5,,7,,5,,,-,1,,,-,3,,,WEST SOUTH CENTRAL
MOUNTAIN,2019,7,,-,4,,6,,9,,,-,0,,,-,,-,,-,1,,1,,,-,,MOUNTAIN
PACIFIC,2019,7,,-,8,,9,,13,,,-,3,,2,,2,,,-,3,,4,,,-,,PACIFIC
US TERRITORIES,2019,7,,-,0,,,-,,-,,-,0,,,-,,-,,-,0,,,-,,-,,US TERRITORIES
AMERICAN SAMOA,2019,7,,-,0,,,-,,-,,-,0,,,-,,-,,-,0,,,-,,-,,AMERICAN SAMOA
NON-US RESIDENTS,2019,7,,-,,NC,,-,,NP,,-,,NC,,-,,NP,,-,,NC,,-,,NP,,NON-US RESIDENTS
TOTAL,2019,7,8,,53,,120,,149,,1,,9,,25,,7,,5,,18,,27,,8,,,TOTAL
RHODE ISLAND,2019,7,,-,2,,,-,1,,,-,0,,,-,,-,,-,0,,,-,,-,"RHODE ISLAND
(41.707447, -71.522488)",
COLORADO,2019,7,,-,3,,3,,3,,,-,0,,,-,,-,,-,1,,1,,,-,"COLORADO
(38.841772, -106.132562)",
ARKANSAS,2019,7,,-,1,,,-,,-,,-,0,,,-,,-,,-,0,,,-,1,,"ARKANSAS
(34.748745, -92.275105)",
HAWAII,2019,7,,-,1,,,-,,-,,-,0,,,-,,-,,-,0,,,-,,-,"HAWAII
(21.30992, -157.858158)",
MISSOURI,2019,7,,-,3,,2,,2,,,-,0,,,-,,-,,-,6,,,-,,-,"MISSOURI
(38.636168, -92.566292)",
KANSAS,2019,7,,-,2,,1,,2,,,-,5,,,-,,-,,-,1,,,-,1,,"KANSAS
(38.345528, -98.201847)",
U.S. VIRGIN ISLANDS,2019,7,,-,0,,,-,,-,,-,0,,,-,,-,,-,0,,,-,,-,"VIRGIN ISLANDS
(18.060868, -64.840836)",
GUAM,2019,7,,-,0,,,-,,-,,-,0,,,-,,-,,-,0,,,-,,-,"GUAM
(13.3532, 144.653198)",
IDAHO,2019,7,,-,1,,,-,,-,,-,0,,,-,,-,,-,0,,,-,,-,"IDAHO
(43.680635, -114.364237)",
NEW MEXICO,2019,7,,-,1,,,-,1,,,-,0,,,-,,-,,-,0,,,-,,-,"NEW MEXICO
(34.520396, -106.244402)",
MINNESOTA,2019,7,,-,0,,,-,,-,,-,0,,,-,,-,,-,1,,,-,,-,"MINNESOTA
(46.357661, -94.793397)",
CONNECTICUT,2019,7,,-,1,,,-,1,,,-,2,,2,,,-,,-,1,,,-,,-,"CONNECTICUT
(41.544654, -72.651713)",
MICHIGAN,2019,7,,-,3,,1,,5,,,-,0,,,-,,-,,-,4,,,-,,-,"MICHIGAN
(44.66399, -84.711206)",
VERMONT,2019,7,,-,1,,1,,,-,,-,0,,,-,,-,,-,1,,,-,,-,"VERMONT
(43.622479, -72.51927)",
INDIANA,2019,7,,-,1,,,-,3,,,-,0,,,-,,-,,-,0,,,-,1,,"INDIANA
(39.76845, -86.156212)",
MASSACHUSETTS,2019,7,,-,4,,7,,2,,,-,0,,,-,,-,,-,1,,,-,,-,"MASSACHUSETTS
(42.268546, -72.085064)",
SOUTH DAKOTA,2019,7,,-,2,,,-,,-,,-,0,,,-,,-,,-,0,,,-,,-,"SOUTH DAKOTA
(44.35371, -100.373709)",
DELAWARE,2019,7,,-,3,,5,,3,,,-,0,,,-,,-,,-,0,,,-,,-,"DELAWARE
(39.008676, -75.574561)",
OREGON,2019,7,,-,2,,,-,2,,,-,2,,2,,2,,,-,1,,2,,,-,"OREGON
(44.567912, -120.156945)",
WISCONSIN,2019,7,,-,1,,,-,,-,,-,0,,,-,,-,,-,0,,,-,,-,"WISCONSIN
(44.395526, -89.834513)",
NORTH CAROLINA,2019,7,,-,4,,5,,5,,,-,1,,,-,,-,,-,1,,,-,,-,"NORTH CAROLINA
(35.47995, -79.180571)",
SOUTH CAROLINA,2019,7,,-,0,,,-,,-,,-,2,,,-,,-,,-,1,,,-,,-,"SOUTH CAROLINA
(34.009286, -81.037094)",
ILLINOIS,2019,7,,-,4,,1,,4,,,-,1,,1,,,-,,-,1,,1,,1,,"ILLINOIS
(40.477092, -88.993221)",
MISSISSIPPI,2019,7,,-,1,,,-,1,,,-,0,,,-,,-,,-,0,,,-,,-,"MISSISSIPPI
(32.738663, -89.537312)",
OHIO,2019,7,1,,4,,6,,6,,,-,0,,,-,,-,,-,0,,,-,,-,"OHIO
(40.056807, -82.405897)",
FLORIDA,2019,7,,-,4,,,-,5,,,-,3,,,-,,-,,-,2,,,-,,-,"FLORIDA
(28.915325, -81.922409)",
ALASKA,2019,7,,-,1,,1,,2,,,-,0,,,-,,-,,-,0,,,-,,-,"ALASKA
(64.836661, -147.738891)",
ARIZONA,2019,7,,-,3,,3,,5,,,-,0,,,-,,-,,-,0,,,-,,-,"ARIZONA
(34.869712, -111.760902)",
MARYLAND,2019,7,1,,9,,21,,26,,,-,0,,,-,,-,,-,1,,,-,,-,"MARYLAND
(39.290443, -76.612333)",
TENNESSEE,2019,7,,-,2,,2,,1,,,-,0,,,-,,-,,-,1,,,-,,-,"TENNESSEE
(35.681402, -85.774444)",
MONTANA,2019,7,,-,1,,,-,,-,,-,0,,,-,,-,,-,0,,,-,,-,"MONTANA
(47.062617, -109.430168)",
WEST VIRGINIA,2019,7,,-,0,,,-,,-,,-,0,,,-,,-,,-,0,,,-,,-,"WEST VIRGINIA
(38.668501, -80.709421)",
KENTUCKY,2019,7,,-,1,,,-,,-,,-,0,,,-,,-,,-,0,,,-,,-,"KENTUCKY
(37.64591, -84.774043)",
MAINE,2019,7,,-,1,,,-,1,,,-,0,,,-,,-,,-,0,,,-,,-,"MAINE
(45.252223, -68.986647)",
NORTHERN MARIANA ISLANDS,2019,7,,-,0,,,-,,-,,-,0,,,-,,-,,-,0,,,-,,-,"NORTHERN MARIANA ISLANDS
(15.1834, 145.725693)",
IOWA,2019,7,,-,2,,1,,2,,,-,0,,,-,,-,,-,0,,,-,,-,"IOWA
(42.46942, -93.815856)",
NEBRASKA,2019,7,,-,2,,,-,1,,,-,0,,,-,,-,,-,0,,,-,,-,"NEBRASKA
(41.640503, -99.367122)",
TEXAS,2019,7,,-,5,,1,,2,,1,,5,,7,,5,,,-,1,,,-,1,,"TEXAS
(31.827233, -99.423022)",
WYOMING,2019,7,,-,1,,,-,,-,,-,0,,,-,,-,,-,0,,,-,,-,"WYOMING
(43.23558, -108.110518)",
WASHINGTON,2019,7,,-,4,,,-,2,,,-,0,,,-,,-,,-,1,,,-,,-,"WASHINGTON
(47.517368, -120.467672)",
NEVADA,2019,7,,-,2,,,-,,-,,-,0,,,-,,-,,-,1,,,-,,-,"NEVADA
(39.491833, -117.070159)",
GEORGIA,2019,7,,-,5,,,-,5,,,-,0,,,-,,-,,-,0,,,-,,-,"GEORGIA
(32.836038, -83.631709)",
LOUISIANA,2019,7,,-,1,,1,,2,,,-,0,,,-,,-,,-,1,,,-,,-,"LOUISIANA
(31.2931, -92.463284)",
OKLAHOMA,2019,7,,-,1,,,-,,-,,-,0,,,-,,-,,-,1,,,-,1,,"OKLAHOMA
(35.468494, -97.521264)",
DISTRICT OF COLUMBIA,2019,7,,-,2,,2,,1,,,-,0,,,-,,-,,-,1,,,-,,-,"DISTRICT OF COLUMBIA
(38.892062, -77.019912)",
NORTH DAKOTA,2019,7,,-,1,,1,,1,,,-,0,,,-,,-,,-,0,,,-,,-,"NORTH DAKOTA
(47.475879, -100.121011)",
NEW HAMPSHIRE,2019,7,,-,1,,,-,,-,,-,0,,,-,,-,,-,0,,,-,,-,"NEW HAMPSHIRE
(43.657736, -71.500736)",
UTAH,2019,7,,-,1,,,-,,-,,-,0,,,-,,-,,-,0,,,-,,-,"UTAH
(39.359772, -111.584173)",
PUERTO RICO,2019,7,,-,0,,,-,,-,,-,0,,,-,,-,,-,0,,,-,,-,"PUERTO RICO
(18.215692, -66.414655)",
PENNSYLVANIA,2019,7,,-,8,,11,,11,,,-,0,,,-,,-,,-,1,,1,,2,,"PENNSYLVANIA
(40.789676, -77.858055)",
VIRGINIA,2019,7,3,,5,,8,,4,,,-,0,,,-,,-,,-,1,,,-,,-,"VIRGINIA
(37.542699, -78.45822)",
ALABAMA,2019,7,,-,3,,,-,,-,,-,0,,,-,,-,,-,0,,,-,,-,"ALABAMA
(32.839182, -86.631125)",
NEW YORK,2019,7,2,,4,,5,,6,,,-,1,,1,,,-,5,,14,,16,,,-,"NEW YORK
(42.826892, -75.544286)",
CALIFORNIA,2019,7,,-,5,,8,,7,,,-,3,,,-,,-,,-,2,,2,,,-,"CALIFORNIA
(37.640735, -121.002435)",
NEW JERSEY,2019,7,,-,6,,5,,11,,,-,0,,,-,,-,,-,6,,,-,,-,"NEW JERSEY
(40.104655, -74.386686)",
US RESIDENTS,2019,8,3,,55,,128,,160,,,-,13,,46,,9,,2,,18,,31,,8,,,US RESIDENTS
NEW ENGLAND,2019,8,1,,5,,9,,6,,,-,2,,2,,,-,,-,1,,,-,,-,,NEW ENGLAND
MIDDDLE ATLANTIC,2019,8,1,,24,,40,,42,,,-,11,,32,,,-,,-,16,,22,,2,,,MIDDDLE ATLANTIC
NEW YORK CITY,2019,8,,-,11,,18,,13,,,-,11,,31,,,-,,-,2,,5,,,-,,NEW YORK CITY
EAST NORTH CENTRAL,2019,8,,-,7,,8,,19,,,-,1,,2,,,-,,-,4,,1,,2,,,EAST NORTH CENTRAL
WEST NORTH CENTRAL,2019,8,,-,5,,5,,8,,,-,5,,,-,2,,,-,6,,,-,1,,,WEST NORTH CENTRAL
SOUTH ATLANTIC,2019,8,1,,21,,44,,58,,,-,3,,,-,,-,,-,3,,,-,,-,,SOUTH ATLANTIC
EAST SOUTH CENTRAL,2019,8,,-,4,,2,,1,,,-,0,,,-,,-,,-,1,,,-,,-,,EAST SOUTH CENTRAL
WEST SOUTH CENTRAL,2019,8,,-,5,,2,,4,,,-,5,,7,,5,,,-,1,,,-,3,,,WEST SOUTH CENTRAL
MOUNTAIN,2019,8,,-,4,,6,,9,,,-,0,,,-,,-,2,,1,,3,,,-,,MOUNTAIN
PACIFIC,2019,8,,-,8,,12,,13,,,-,3,,3,,2,,,-,3,,5,,,-,,PACIFIC
US TERRITORIES,2019,8,,-,0,,,-,,-,,-,0,,,-,,-,,-,0,,,-,,-,,US TERRITORIES
AMERICAN SAMOA,2019,8,,-,0,,,-,,-,,-,0,,,-,,-,,-,0,,,-,,-,,AMERICAN SAMOA
NON-US RESIDENTS,2019,8,,-,,NC,,-,,NP,,-,,NC,,-,,NP,,-,,NC,,-,,NP,,NON-US RESIDENTS
TOTAL,2019,8,3,,55,,128,,160,,,-,13,,46,,9,,2,,18,,31,,8,,,TOTAL
UTAH,2019,8,,-,1,,,-,,-,,-,0,,,-,,-,,-,0,,,-,,-,"UTAH
(39.359772, -111.584173)",
DELAWARE,2019,8,,-,3,,5,,3,,,-,0,,,-,,-,,-,0,,,-,,-,"DELAWARE
(39.008676, -75.574561)",
NORTH CAROLINA,2019,8,,-,4,,5,,5,,,-,1,,,-,,-,,-,1,,,-,,-,"NORTH CAROLINA
(35.47995, -79.180571)",
ARIZONA,2019,8,,-,3,,3,,5,,,-,0,,,-,,-,,-,0,,,-,,-,"ARIZONA
(34.869712, -111.760902)",
MISSISSIPPI,2019,8,,-,1,,,-,,-,,-,0,,,-,,-,,-,0,,,-,,-,"MISSISSIPPI
(32.738663, -89.537312)",
LOUISIANA,2019,8,,-,1,,1,,2,,,-,0,,,-,,-,,-,1,,,-,,-,"LOUISIANA
(31.2931, -92.463284)",
NEW YORK,2019,8,1,,4,,6,,6,,,-,1,,1,,,-,,-,14,,16,,,-,"NEW YORK
(42.826892, -75.544286)",
MARYLAND,2019,8,,-,9,,22,,31,,,-,0,,,-,,-,,-,1,,,-,,-,"MARYLAND
(39.290443, -76.612333)",
WASHINGTON,2019,8,,-,4,,2,,2,,,-,0,,,-,,-,,-,1,,,-,,-,"WASHINGTON
(47.517368, -120.467672)",
VIRGINIA,2019,8,1,,5,,10,,4,,,-,0,,,-,,-,,-,1,,,-,,-,"VIRGINIA
(37.542699, -78.45822)",
NEW JERSEY,2019,8,,-,6,,5,,11,,,-,0,,,-,,-,,-,6,,,-,,-,"NEW JERSEY
(40.104655, -74.386686)",
WYOMING,2019,8,,-,1,,,-,,-,,-,0,,,-,,-,,-,0,,,-,,-,"WYOMING
(43.23558, -108.110518)",
NORTHERN MARIANA ISLANDS,2019,8,,-,0,,,-,,-,,-,0,,,-,,-,,-,0,,,-,,-,"NORTHERN MARIANA ISLANDS
(15.1834, 145.725693)",
ALASKA,2019,8,,-,1,,1,,2,,,-,0,,,-,,-,,-,0,,,-,,-,"ALASKA
(64.836661, -147.738891)",
ILLINOIS,2019,8,,-,4,,1,,5,,,-,1,,2,,,-,,-,1,,1,,1,,"ILLINOIS
(40.477092, -88.993221)",
PENNSYLVANIA,2019,8,,-,8,,11,,12,,,-,0,,,-,,-,,-,1,,1,,2,,"PENNSYLVANIA
(40.789676, -77.858055)",
COLORADO,2019,8,,-,3,,3,,3,,,-,0,,,-,,-,,-,1,,1,,,-,"COLORADO
(38.841772, -106.132562)",
KENTUCKY,2019,8,,-,1,,,-,,-,,-,0,,,-,,-,,-,0,,,-,,-,"KENTUCKY
(37.64591, -84.774043)",
CALIFORNIA,2019,8,,-,5,,9,,7,,,-,3,,,-,,-,,-,2,,3,,,-,"CALIFORNIA
(37.640735, -121.002435)",
RHODE ISLAND,2019,8,,-,2,,,-,1,,,-,0,,,-,,-,,-,0,,,-,,-,"RHODE ISLAND
(41.707447, -71.522488)",
VERMONT,2019,8,,-,1,,1,,,-,,-,0,,,-,,-,,-,1,,,-,,-,"VERMONT
(43.622479, -72.51927)",
SOUTH CAROLINA,2019,8,,-,0,,,-,,-,,-,2,,,-,,-,,-,1,,,-,,-,"SOUTH CAROLINA
(34.009286, -81.037094)",
GEORGIA,2019,8,,-,5,,,-,7,,,-,0,,,-,,-,,-,0,,,-,,-,"GEORGIA
(32.836038, -83.631709)",
MISSOURI,2019,8,,-,3,,2,,2,,,-,0,,,-,,-,,-,6,,,-,,-,"MISSOURI
(38.636168, -92.566292)",
NORTH DAKOTA,2019,8,,-,1,,1,,1,,,-,0,,,-,,-,,-,0,,,-,,-,"NORTH DAKOTA
(47.475879, -100.121011)",
HAWAII,2019,8,,-,1,,,-,,-,,-,0,,,-,,-,,-,0,,,-,,-,"HAWAII
(21.30992, -157.858158)",
GUAM,2019,8,,-,0,,,-,,-,,-,0,,,-,,-,,-,0,,,-,,-,"GUAM
(13.3532, 144.653198)",
NEW HAMPSHIRE,2019,8,,-,1,,,-,,-,,-,0,,,-,,-,,-,0,,,-,,-,"NEW HAMPSHIRE
(43.657736, -71.500736)",
MAINE,2019,8,1,,1,,1,,1,,,-,0,,,-,,-,,-,0,,,-,,-,"MAINE
(45.252223, -68.986647)",
NEVADA,2019,8,,-,2,,,-,,-,,-,0,,,-,,-,,-,1,,,-,,-,"NEVADA
(39.491833, -117.070159)",
MONTANA,2019,8,,-,1,,,-,,-,,-,0,,,-,,-,,-,0,,,-,,-,"MONTANA
(47.062617, -109.430168)",
ARKANSAS,2019,8,,-,1,,,-,,-,,-,0,,,-,,-,,-,0,,,-,1,,"ARKANSAS
(34.748745, -92.275105)",
ALABAMA,2019,8,,-,3,,,-,,-,,-,0,,,-,,-,,-,0,,,-,,-,"ALABAMA
(32.839182, -86.631125)",
IDAHO,2019,8,,-,1,,,-,,-,,-,0,,,-,,-,2,,0,,2,,,-,"IDAHO
(43.680635, -114.364237)",
TEXAS,2019,8,,-,5,,1,,2,,,-,5,,7,,5,,,-,1,,,-,1,,"TEXAS
(31.827233, -99.423022)",
CONNECTICUT,2019,8,,-,1,,,-,1,,,-,2,,2,,,-,,-,1,,,-,,-,"CONNECTICUT
(41.544654, -72.651713)",
IOWA,2019,8,,-,2,,1,,2,,,-,0,,,-,,-,,-,0,,,-,,-,"IOWA
(42.46942, -93.815856)",
U.S. VIRGIN ISLANDS,2019,8,,-,0,,,-,,-,,-,0,,,-,,-,,-,0,,,-,,-,"VIRGIN ISLANDS
(18.060868, -64.840836)",
OKLAHOMA,2019,8,,-,1,,,-,,-,,-,0,,,-,,-,,-,1,,,-,1,,"OKLAHOMA
(35.468494, -97.521264)",
NEBRASKA,2019,8,,-,2,,,-,1,,,-,0,,,-,,-,,-,0,,,-,,-,"NEBRASKA
(41.640503, -99.367122)",
PUERTO RICO,2019,8,,-,0,,,-,,-,,-,0,,,-,,-,,-,0,,,-,,-,"PUERTO RICO
(18.215692, -66.414655)",
NEW MEXICO,2019,8,,-,1,,,-,1,,,-,0,,,-,,-,,-,0,,,-,,-,"NEW MEXICO
(34.520396, -106.244402)",
INDIANA,2019,8,,-,1,,,-,3,,,-,0,,,-,,-,,-,0,,,-,1,,"INDIANA
(39.76845, -86.156212)",
MICHIGAN,2019,8,,-,3,,1,,5,,,-,0,,,-,,-,,-,4,,,-,,-,"MICHIGAN
(44.66399, -84.711206)",
SOUTH DAKOTA,2019,8,,-,2,,,-,,-,,-,0,,,-,,-,,-,0,,,-,,-,"SOUTH DAKOTA
(44.35371, -100.373709)",
WISCONSIN,2019,8,,-,1,,,-,,-,,-,0,,,-,,-,,-,0,,,-,,-,"WISCONSIN
(44.395526, -89.834513)",
OHIO,2019,8,,-,4,,6,,6,,,-,0,,,-,,-,,-,0,,,-,,-,"OHIO
(40.056807, -82.405897)",
WEST VIRGINIA,2019,8,,-,0,,,-,,-,,-,0,,,-,,-,,-,0,,,-,,-,"WEST VIRGINIA
(38.668501, -80.709421)",
TENNESSEE,2019,8,,-,2,,2,,1,,,-,0,,,-,,-,,-,1,,,-,,-,"TENNESSEE
(35.681402, -85.774444)",
OREGON,2019,8,,-,2,,,-,2,,,-,3,,3,,2,,,-,1,,2,,,-,"OREGON
(44.567912, -120.156945)",
KANSAS,2019,8,,-,2,,1,,2,,,-,5,,,-,2,,,-,0,,,-,1,,"KANSAS
(38.345528, -98.201847)",
FLORIDA,2019,8,,-,4,,,-,6,,,-,3,,,-,,-,,-,2,,,-,,-,"FLORIDA
(28.915325, -81.922409)",
MINNESOTA,2019,8,,-,0,,,-,,-,,-,0,,,-,,-,,-,1,,,-,,-,"MINNESOTA
(46.357661, -94.793397)",
MASSACHUSETTS,2019,8,,-,4,,7,,3,,,-,0,,,-,,-,,-,1,,,-,,-,"MASSACHUSETTS
(42.268546, -72.085064)",
DISTRICT OF COLUMBIA,2019,8,,-,2,,2,,2,,,-,0,,,-,,-,,-,1,,,-,,-,"DISTRICT OF COLUMBIA
(38.892062, -77.019912)",
US RESIDENTS,2019,9,4,,54,,142,,173,,,-,16,,64,,10,,9,,18,,43,,8,,,US RESIDENTS
NEW ENGLAND,2019,9,,-,5,,10,,8,,,-,2,,2,,,-,,-,1,,,-,,-,,NEW ENGLAND
MIDDLE ATLANTIC,2019,9,2,,24,,43,,42,,,-,13,,48,,,-,9,,16,,33,,2,,MIDDLE ATLANTIC,
NEW YORK CITY,2019,9,2,,11,,20,,13,,,-,13,,47,,,-,,-,3,,7,,,-,,NEW YORK CITY
EAST NORTH CENTRAL,2019,9,,-,8,,12,,22,,,-,2,,3,,,-,,-,4,,1,,2,,,EAST NORTH CENTRAL
WEST NORTH CENTRAL,2019,9,,-,5,,5,,9,,,-,5,,,-,3,,,-,6,,,-,1,,,WEST NORTH CENTRAL
SOUTH ATLANTIC,2019,9,1,,20,,49,,64,,,-,3,,,-,,-,,-,3,,,-,,-,,SOUTH ATLANTIC
EAST SOUTH CENTRAL,2019,9,,-,4,,2,,1,,,-,0,,,-,,-,,-,1,,,-,,-,,EAST SOUTH CENTRAL
WEST SOUTH CENTRAL,2019,9,,-,5,,2,,5,,,-,5,,7,,5,,,-,1,,1,,3,,,WEST SOUTH CENTRAL
MOUNTAIN,2019,9,1,,4,,7,,9,,,-,0,,,-,,-,,-,1,,2,,,-,,MOUNTAIN
PACIFIC,2019,9,,-,8,,12,,13,,,-,3,,4,,2,,,-,3,,6,,,-,,PACIFIC
US TERRITORIES,2019,9,,-,0,,,-,,-,,-,0,,,-,,-,,-,0,,,-,,-,,US TERRITORIES
AMERICAN SAMOA,2019,9,,-,0,,,-,,-,,-,0,,,-,,-,,-,0,,,-,,-,,AMERICAN SAMOA
NON-US RESIDENTS,2019,9,,-,,NC,,-,,NP,,-,,NC,,-,,NP,,-,,NC,,-,,NP,,NON-US RESIDENTS
TOTAL,2019,9,4,,54,,142,,173,,,-,16,,64,,10,,9,,18,,43,,8,,,TOTAL
ARIZONA,2019,9,1,,3,,4,,5,,,-,0,,,-,,-,,-,0,,,-,,-,"ARIZONA
(34.869712, -111.760902)",
KANSAS,2019,9,,-,2,,1,,2,,,-,5,,,-,3,,,-,0,,,-,1,,"KANSAS
(38.345528, -98.201847)",
INDIANA,2019,9,,-,1,,,-,4,,,-,0,,,-,,-,,-,0,,,-,1,,"INDIANA
(39.76845, -86.156212)",
ALABAMA,2019,9,,-,3,,,-,,-,,-,0,,,-,,-,,-,0,,,-,,-,"ALABAMA
(32.839182, -86.631125)",
WEST VIRGINIA,2019,9,,-,0,,,-,,-,,-,0,,,-,,-,,-,0,,,-,,-,"WEST VIRGINIA
(38.668501, -80.709421)",
NEBRASKA,2019,9,,-,2,,,-,1,,,-,0,,,-,,-,,-,0,,,-,,-,"NEBRASKA
(41.640503, -99.367122)",
NEVADA,2019,9,,-,2,,,-,,-,,-,0,,,-,,-,,-,1,,,-,,-,"NEVADA
(39.491833, -117.070159)",
NEW MEXICO,2019,9,,-,1,,,-,1,,,-,0,,,-,,-,,-,0,,,-,,-,"NEW MEXICO
(34.520396, -106.244402)",
ARKANSAS,2019,9,,-,1,,,-,,-,,-,0,,,-,,-,,-,0,,,-,1,,"ARKANSAS
(34.748745, -92.275105)",
NORTH DAKOTA,2019,9,,-,1,,1,,1,,,-,0,,,-,,-,,-,0,,,-,,-,"NORTH DAKOTA
(47.475879, -100.121011)",
HAWAII,2019,9,,-,1,,,-,,-,,-,0,,,-,,-,,-,0,,,-,,-,"HAWAII
(21.30992, -157.858158)",
MARYLAND,2019,9,1,,9,,24,,35,,,-,0,,,-,,-,,-,1,,,-,,-,"MARYLAND
(39.290443, -76.612333)",
FLORIDA,2019,9,,-,4,,,-,6,,,-,3,,,-,,-,,-,2,,,-,,-,"FLORIDA
(28.915325, -81.922409)",
NEW HAMPSHIRE,2019,9,,-,1,,,-,,-,,-,0,,,-,,-,,-,0,,,-,,-,"NEW HAMPSHIRE
(43.657736, -71.500736)",
MINNESOTA,2019,9,,-,0,,,-,,-,,-,0,,,-,,-,,-,1,,,-,,-,"MINNESOTA
(46.357661, -94.793397)",
DISTRICT OF COLUMBIA,2019,9,,-,2,,3,,2,,,-,0,,,-,,-,,-,1,,,-,,-,"DISTRICT OF COLUMBIA
(38.892062, -77.019912)",
TENNESSEE,2019,9,,-,2,,2,,1,,,-,0,,,-,,-,,-,1,,,-,,-,"TENNESSEE
(35.681402, -85.774444)",
MAINE,2019,9,,-,1,,1,,1,,,-,0,,,-,,-,,-,0,,,-,,-,"MAINE
(45.252223, -68.986647)",
COLORADO,2019,9,,-,3,,3,,3,,,-,0,,,-,,-,,-,1,,1,,,-,"COLORADO
(38.841772, -106.132562)",
LOUISIANA,2019,9,,-,1,,1,,2,,,-,0,,,-,,-,,-,1,,,-,,-,"LOUISIANA
(31.2931, -92.463284)",
NORTHERN MARIANA ISLANDS,2019,9,,-,0,,,-,,-,,-,0,,,-,,-,,-,0,,,-,,-,"NORTHERN MARIANA ISLANDS
(15.1834, 145.725693)",
NEW YORK,2019,9,,-,4,,6,,6,,,-,1,,1,,,-,9,,14,,25,,,-,"NEW YORK
(42.826892, -75.544286)",
MICHIGAN,2019,9,,-,3,,1,,6,,,-,0,,,-,,-,,-,4,,,-,,-,"MICHIGAN
(44.66399, -84.711206)",
GEORGIA,2019,9,,-,6,,,-,8,,,-,0,,,-,,-,,-,0,,,-,,-,"GEORGIA
(32.836038, -83.631709)",
WASHINGTON,2019,9,,-,4,,2,,3,,,-,0,,,-,,-,,-,1,,,-,,-,"WASHINGTON
(47.517368, -120.467672)",
RHODE ISLAND,2019,9,,-,2,,,-,1,,,-,0,,,-,,-,,-,0,,,-,,-,"RHODE ISLAND
(41.707447, -71.522488)",
VERMONT,2019,9,,-,1,,1,,1,,,-,0,,,-,,-,,-,1,,,-,,-,"VERMONT
(43.622479, -72.51927)",
CALIFORNIA,2019,9,,-,5,,9,,6,,,-,3,,,-,,-,,-,2,,4,,,-,"CALIFORNIA
(37.640735, -121.002435)",
IOWA,2019,9,,-,2,,1,,3,,,-,0,,,-,,-,,-,0,,,-,,-,"IOWA
(42.46942, -93.815856)",
U.S. VIRGIN ISLANDS,2019,9,,-,0,,,-,,-,,-,0,,,-,,-,,-,0,,,-,,-,"VIRGIN ISLANDS
(18.060868, -64.840836)",
IDAHO,2019,9,,-,1,,,-,,-,,-,0,,,-,,-,,-,1,,1,,,-,"IDAHO
(43.680635, -114.364237)",
OREGON,2019,9,,-,2,,,-,2,,,-,3,,4,,2,,,-,1,,2,,,-,"OREGON
(44.567912, -120.156945)",
SOUTH DAKOTA,2019,9,,-,2,,,-,,-,,-,0,,,-,,-,,-,0,,,-,,-,"SOUTH DAKOTA
(44.35371, -100.373709)",
GUAM,2019,9,,-,0,,,-,,-,,-,0,,,-,,-,,-,0,,,-,,-,"GUAM
(13.3532, 144.653198)",
OHIO,2019,9,,-,4,,6,,6,,,-,0,,,-,,-,,-,0,,,-,,-,"OHIO
(40.056807, -82.405897)",
NEW JERSEY,2019,9,,-,6,,6,,11,,,-,0,,,-,,-,,-,6,,,-,,-,"NEW JERSEY
(40.104655, -74.386686)",
SOUTH CAROLINA,2019,9,,-,0,,,-,,-,,-,2,,,-,,-,,-,1,,,-,,-,"SOUTH CAROLINA
(34.009286, -81.037094)",
NORTH CAROLINA,2019,9,,-,4,,5,,5,,,-,1,,,-,,-,,-,1,,,-,,-,"NORTH CAROLINA
(35.47995, -79.180571)",
VIRGINIA,2019,9,,-,5,,12,,5,,,-,0,,,-,,-,,-,1,,,-,,-,"VIRGINIA
(37.542699, -78.45822)",
WYOMING,2019,9,,-,1,,,-,,-,,-,0,,,-,,-,,-,0,,,-,,-,"WYOMING
(43.23558, -108.110518)",
MASSACHUSETTS,2019,9,,-,4,,8,,4,,,-,0,,,-,,-,,-,1,,,-,,-,"MASSACHUSETTS
(42.268546, -72.085064)",
ILLINOIS,2019,9,,-,5,,5,,6,,,-,2,,3,,,-,,-,1,,1,,1,,"ILLINOIS
(40.477092, -88.993221)",
OKLAHOMA,2019,9,,-,1,,,-,,-,,-,0,,,-,,-,,-,1,,,-,1,,"OKLAHOMA
(35.468494, -97.521264)",
ALASKA,2019,9,,-,1,,1,,2,,,-,0,,,-,,-,,-,0,,,-,,-,"ALASKA
(64.836661, -147.738891)",
CONNECTICUT,2019,9,,-,1,,,-,1,,,-,2,,2,,,-,,-,1,,,-,,-,"CONNECTICUT
(41.544654, -72.651713)",
PUERTO RICO,2019,9,,-,0,,,-,,-,,-,0,,,-,,-,,-,0,,,-,,-,"PUERTO RICO
(18.215692, -66.414655)",
DELAWARE,2019,9,,-,3,,5,,3,,,-,0,,,-,,-,,-,0,,,-,,-,"DELAWARE
(39.008676, -75.574561)",
MISSISSIPPI,2019,9,,-,1,,,-,,-,,-,0,,,-,,-,,-,0,,,-,,-,"MISSISSIPPI
(32.738663, -89.537312)",
PENNSYLVANIA,2019,9,,-,8,,11,,12,,,-,0,,,-,,-,,-,1,,1,,2,,"PENNSYLVANIA
(40.789676, -77.858055)",
MISSOURI,2019,9,,-,3,,2,,2,,,-,0,,,-,,-,,-,6,,,-,,-,"MISSOURI
(38.636168, -92.566292)",
UTAH,2019,9,,-,1,,,-,,-,,-,0,,,-,,-,,-,0,,,-,,-,"UTAH
(39.359772, -111.584173)",
KENTUCKY,2019,9,,-,1,,,-,,-,,-,0,,,-,,-,,-,0,,,-,,-,"KENTUCKY
(37.64591, -84.774043)",
WISCONSIN,2019,9,,-,1,,,-,,-,,-,0,,,-,,-,,-,0,,,-,,-,"WISCONSIN
(44.395526, -89.834513)",
TEXAS,2019,9,,-,5,,1,,3,,,-,5,,7,,5,,,-,1,,1,,1,,"TEXAS
(31.827233, -99.423022)",
MONTANA,2019,9,,-,1,,,-,,-,,-,0,,,-,,-,,-,0,,,-,,-,"MONTANA
(47.062617, -109.430168)",
US RESIDENTS,2019,10,6,,54,,164,,191,,2,,20,,83,,15,,9,,44,,57,,12,,,US RESIDENTS
NEW ENGLAND,2019,10,,-,5,,10,,8,,,-,2,,2,,,-,,-,1,,,-,,-,,NEW ENGLAND
MIDDLE ATLANTIC,2019,10,1,,24,,48,,46,,1,,17,,66,,,-,8,,44,,44,,4,,MIDDLE ATLANTIC,
NEW YORK CITY,2019,10,,-,11,,21,,13,,1,,17,,65,,,-,,-,6,,10,,1,,,NEW YORK CITY
EAST NORTH CENTRAL,2019,10,3,,8,,17,,24,,,-,2,,3,,,-,,-,4,,1,,3,,,EAST NORTH CENTRAL
WEST NORTH CENTRAL,2019,10,,-,5,,7,,9,,,-,5,,,-,8,,,-,6,,,-,1,,,WEST NORTH CENTRAL
SOUTH ATLANTIC,2019,10,2,,20,,54,,71,,,-,3,,,-,,-,,-,3,,,-,,-,,SOUTH ATLANTIC
EAST SOUTH CENTRAL,2019,10,,-,4,,2,,2,,1,,0,,1,,,-,,-,1,,1,,,-,,EAST SOUTH CENTRAL
WEST SOUTH CENTRAL,2019,10,,-,5,,2,,6,,,-,5,,7,,5,,,-,1,,1,,3,,,WEST SOUTH CENTRAL
MOUNTAIN,2019,10,,-,4,,8,,9,,,-,0,,,-,,-,1,,1,,2,,,-,,MOUNTAIN
PACIFIC,2019,10,,-,8,,16,,16,,,-,3,,4,,2,,,-,3,,8,,1,,,PACIFIC
US TERRITORIES,2019,10,,-,0,,,-,,-,,-,0,,,-,,-,,-,0,,,-,,-,,US TERRITORIES
AMERICAN SAMOA,2019,10,,-,0,,,-,,-,,-,0,,,-,,-,,-,0,,,-,,-,,AMERICAN SAMOA
NON-US RESIDENTS,2019,10,,-,,NC,,-,,NP,,-,,NC,,-,,NP,,-,,NC,,-,,NP,,NON-US RESIDENTS
TOTAL,2019,10,6,,54,,164,,191,,2,,20,,83,,15,,9,,44,,57,,12,,,TOTAL
VERMONT,2019,10,,-,1,,1,,1,,,-,0,,,-,,-,,-,1,,,-,,-,"VERMONT
(43.622479, -72.51927)",
COLORADO,2019,10,,-,3,,3,,3,,,-,0,,,-,,-,,-,1,,1,,,-,"COLORADO
(38.841772, -106.132562)",
NORTH DAKOTA,2019,10,,-,1,,1,,1,,,-,0,,,-,,-,,-,0,,,-,,-,"NORTH DAKOTA
(47.475879, -100.121011)",
NEW JERSEY,2019,10,,-,6,,9,,13,,,-,0,,,-,,-,,-,6,,,-,,-,"NEW JERSEY
(40.104655, -74.386686)",
NEVADA,2019,10,,-,2,,,-,,-,,-,0,,,-,,-,,-,1,,,-,,-,"NEVADA
(39.491833, -117.070159)",
MASSACHUSETTS,2019,10,,-,4,,8,,4,,,-,0,,,-,,-,,-,1,,,-,,-,"MASSACHUSETTS
(42.268546, -72.085064)",
ALABAMA,2019,10,,-,3,,,-,,-,,-,0,,,-,,-,,-,0,,,-,,-,"ALABAMA
(32.839182, -86.631125)",
ARKANSAS,2019,10,,-,1,,,-,,-,,-,0,,,-,,-,,-,0,,,-,1,,"ARKANSAS
(34.748745, -92.275105)",
MISSOURI,2019,10,,-,3,,2,,2,,,-,0,,,-,,-,,-,6,,,-,,-,"MISSOURI
(38.636168, -92.566292)",
ARIZONA,2019,10,,-,3,,5,,5,,,-,0,,,-,,-,1,,0,,1,,,-,"ARIZONA
(34.869712, -111.760902)",
WASHINGTON,2019,10,,-,4,,5,,3,,,-,0,,,-,,-,,-,1,,,-,,-,"WASHINGTON
(47.517368, -120.467672)",
TENNESSEE,2019,10,,-,2,,2,,1,,,-,0,,,-,,-,,-,1,,,-,,-,"TENNESSEE
(35.681402, -85.774444)",
DELAWARE,2019,10,,-,3,,5,,4,,,-,0,,,-,,-,,-,0,,,-,,-,"DELAWARE
(39.008676, -75.574561)",
NORTH CAROLINA,2019,10,,-,4,,5,,6,,,-,1,,,-,,-,,-,1,,,-,,-,"NORTH CAROLINA
(35.47995, -79.180571)",
CONNECTICUT,2019,10,,-,1,,,-,1,,,-,2,,2,,,-,,-,1,,,-,,-,"CONNECTICUT
(41.544654, -72.651713)",
KENTUCKY,2019,10,,-,1,,,-,,-,1,,0,,1,,,-,,-,1,,1,,,-,"KENTUCKY
(37.64591, -84.774043)",
RHODE ISLAND,2019,10,,-,2,,,-,1,,,-,0,,,-,,-,,-,0,,,-,,-,"RHODE ISLAND
(41.707447, -71.522488)",
HAWAII,2019,10,,-,1,,,-,,-,,-,0,,,-,,-,,-,0,,,-,,-,"HAWAII
(21.30992, -157.858158)",
CALIFORNIA,2019,10,,-,5,,10,,9,,,-,3,,,-,,-,,-,2,,6,,1,,"CALIFORNIA
(37.640735, -121.002435)",
SOUTH CAROLINA,2019,10,,-,0,,,-,,-,,-,2,,,-,,-,,-,1,,,-,,-,"SOUTH CAROLINA
(34.009286, -81.037094)",
LOUISIANA,2019,10,,-,1,,1,,3,,,-,0,,,-,,-,,-,1,,,-,,-,"LOUISIANA
(31.2931, -92.463284)",
VIRGINIA,2019,10,2,,5,,15,,5,,,-,0,,,-,,-,,-,0,,,-,,-,"VIRGINIA
(37.542699, -78.45822)",
INDIANA,2019,10,,-,1,,,-,4,,,-,0,,,-,,-,,-,0,,,-,1,,"INDIANA
(39.76845, -86.156212)",
NEW YORK,2019,10,,-,4,,6,,7,,,-,1,,1,,,-,8,,42,,33,,1,,"NEW YORK
(42.826892, -75.544286)",
MONTANA,2019,10,,-,1,,,-,,-,,-,0,,,-,,-,,-,0,,,-,,-,"MONTANA
(47.062617, -109.430168)",
IOWA,2019,10,,-,2,,2,,3,,,-,0,,,-,,-,,-,0,,,-,,-,"IOWA
(42.46942, -93.815856)",
WEST VIRGINIA,2019,10,,-,0,,,-,,-,,-,0,,,-,,-,,-,0,,,-,,-,"WEST VIRGINIA
(38.668501, -80.709421)",
U.S. VIRGIN ISLANDS,2019,10,,-,0,,,-,,-,,-,0,,,-,,-,,-,0,,,-,,-,"VIRGIN ISLANDS
(18.060868, -64.840836)",
PUERTO RICO,2019,10,,-,0,,,-,,-,,-,0,,,-,,-,,-,0,,,-,,-,"PUERTO RICO
(18.215692, -66.414655)",
OKLAHOMA,2019,10,,-,1,,,-,,-,,-,0,,,-,,-,,-,1,,,-,1,,"OKLAHOMA
(35.468494, -97.521264)",
MISSISSIPPI,2019,10,,-,1,,,-,1,,,-,0,,,-,,-,,-,0,,,-,,-,"MISSISSIPPI
(32.738663, -89.537312)",
PENNSYLVANIA,2019,10,1,,8,,12,,13,,,-,0,,,-,,-,,-,1,,1,,2,,"PENNSYLVANIA
(40.789676, -77.858055)",
MINNESOTA,2019,10,,-,0,,,-,,-,,-,0,,,-,,-,,-,1,,,-,,-,"MINNESOTA
(46.357661, -94.793397)",
TEXAS,2019,10,,-,5,,1,,3,,,-,5,,7,,5,,,-,1,,1,,1,,"TEXAS
(31.827233, -99.423022)",
NEBRASKA,2019,10,,-,2,,,-,1,,,-,0,,,-,,-,,-,0,,,-,,-,"NEBRASKA
(41.640503, -99.367122)",
OREGON,2019,10,,-,2,,,-,2,,,-,3,,4,,2,,,-,1,,2,,,-,"OREGON
(44.567912, -120.156945)",
KANSAS,2019,10,,-,2,,2,,2,,,-,5,,,-,8,,,-,0,,,-,1,,"KANSAS
(38.345528, -98.201847)",
IDAHO,2019,10,,-,1,,,-,,-,,-,0,,,-,,-,,-,0,,,-,,-,"IDAHO
(43.680635, -114.364237)",
DISTRICT OF COLUMBIA,2019,10,,-,2,,4,,3,,,-,0,,,-,,-,,-,1,,,-,,-,"DISTRICT OF COLUMBIA
(38.892062, -77.019912)",
MICHIGAN,2019,10,,-,3,,1,,6,,,-,0,,,-,,-,,-,4,,,-,1,,"MICHIGAN
(44.66399, -84.711206)",
GUAM,2019,10,,-,0,,,-,,-,,-,0,,,-,,-,,-,0,,,-,,-,"GUAM
(13.3532, 144.653198)",
SOUTH DAKOTA,2019,10,,-,2,,,-,,-,,-,0,,,-,,-,,-,0,,,-,,-,"SOUTH DAKOTA
(44.35371, -100.373709)",
NEW MEXICO,2019,10,,-,1,,,-,1,,,-,0,,,-,,-,,-,0,,,-,,-,"NEW MEXICO
(34.520396, -106.244402)",
WYOMING,2019,10,,-,1,,,-,,-,,-,0,,,-,,-,,-,0,,,-,,-,"WYOMING
(43.23558, -108.110518)",
FLORIDA,2019,10,,-,4,,,-,6,,,-,3,,,-,,-,,-,2,,,-,,-,"FLORIDA
(28.915325, -81.922409)",
WISCONSIN,2019,10,,-,1,,,-,,-,,-,0,,,-,,-,,-,0,,,-,,-,"WISCONSIN
(44.395526, -89.834513)",
MARYLAND,2019,10,,-,9,,24,,38,,,-,0,,,-,,-,,-,1,,,-,,-,"MARYLAND
(39.290443, -76.612333)",
UTAH,2019,10,,-,1,,,-,,-,,-,0,,,-,,-,,-,0,,,-,,-,"UTAH
(39.359772, -111.584173)",
ILLINOIS,2019,10,,-,5,,7,,7,,,-,2,,3,,,-,,-,1,,1,,1,,"ILLINOIS
(40.477092, -88.993221)",
NORTHERN MARIANA ISLANDS,2019,10,,-,0,,,-,,-,,-,0,,,-,,-,,-,0,,,-,,-,"NORTHERN MARIANA ISLANDS
(15.1834, 145.725693)",
NEW HAMPSHIRE,2019,10,,-,1,,,-,,-,,-,0,,,-,,-,,-,0,,,-,,-,"NEW HAMPSHIRE
(43.657736, -71.500736)",
OHIO,2019,10,3,,4,,9,,7,,,-,0,,,-,,-,,-,0,,,-,,-,"OHIO
(40.056807, -82.405897)",
MAINE,2019,10,,-,1,,1,,1,,,-,0,,,-,,-,,-,0,,,-,,-,"MAINE
(45.252223, -68.986647)",
ALASKA,2019,10,,-,1,,1,,2,,,-,0,,,-,,-,,-,0,,,-,,-,"ALASKA
(64.836661, -147.738891)",
GEORGIA,2019,10,,-,6,,1,,9,,,-,0,,,-,,-,,-,0,,,-,,-,"GEORGIA
(32.836038, -83.631709)",
US RESIDENTS,2019,11,9,,54,,182,,206,,2,,20,,87,,20,,5,,45,,63,,14,,,US RESIDENTS
NEW ENGLAND,2019,11,,-,5,,11,,8,,,-,2,,2,,,-,,-,1,,,-,,-,,NEW ENGLAND
MIDDLE ATLANTIC,2019,11,2,,24,,53,,48,,2,,17,,68,,,-,5,,45,,49,,5,,MIDDLE ATLANTIC,
NEW YORK CITY,2019,11,2,,11,,24,,13,,,-,17,,65,,,-,,-,6,,10,,1,,,NEW YORK CITY
EAST NORTH CENTRAL,2019,11,2,,8,,21,,28,,,-,2,,4,,,-,,-,4,,2,,3,,,EAST NORTH CENTRAL
WEST NORTH CENTRAL,2019,11,,-,5,,7,,9,,,-,3,,,-,11,,,-,6,,,-,1,,,WEST NORTH CENTRAL
SOUTH ATLANTIC,2019,11,3,,20,,60,,77,,,-,3,,,-,,-,,-,3,,,-,,-,,SOUTH ATLANTIC
EAST SOUTH CENTRAL,2019,11,,-,4,,2,,2,,,-,1,,1,,,-,,-,1,,1,,1,,,EAST SOUTH CENTRAL
WEST SOUTH CENTRAL,2019,11,,-,5,,2,,6,,,-,5,,7,,5,,,-,1,,1,,3,,,WEST SOUTH CENTRAL
MOUNTAIN,2019,11,,-,4,,8,,11,,,-,0,,,-,,-,,-,1,,2,,,-,,MOUNTAIN
PACIFIC,2019,11,2,,8,,18,,17,,,-,3,,5,,4,,,-,3,,8,,1,,,PACIFIC
US TERRITORIES,2019,11,,-,0,,,-,,-,,-,0,,,-,,-,,-,0,,,-,,-,,US TERRITORIES
AMERICAN SAMOA,2019,11,,-,0,,,-,,-,,-,0,,,-,,-,,-,0,,,-,,-,,AMERICAN SAMOA
NON-US RESIDENTS,2019,11,,-,,NC,,-,,NP,,-,,NC,,-,,NP,,-,,NC,,-,,NP,,NON-US RESIDENTS
TOTAL,2019,11,9,,54,,182,,206,,2,,20,,87,,20,,5,,45,,63,,14,,,TOTAL
WYOMING,2019,11,,-,1,,,-,,-,,-,0,,,-,,-,,-,0,,,-,,-,"WYOMING
(43.23558, -108.110518)",
LOUISIANA,2019,11,,-,1,,1,,3,,,-,0,,,-,,-,,-,1,,,-,,-,"LOUISIANA
(31.2931, -92.463284)",
NEW JERSEY,2019,11,,-,6,,11,,13,,,-,6,,,-,,-,,-,1,,,-,,-,"NEW JERSEY
(40.104655, -74.386686)",
UTAH,2019,11,,-,1,,,-,1,,,-,0,,,-,,-,,-,0,,,-,,-,"UTAH
(39.359772, -111.584173)",
TENNESSEE,2019,11,,-,2,,2,,1,,,-,0,,,-,,-,,-,1,,,-,1,,"TENNESSEE
(35.681402, -85.774444)",
ARIZONA,2019,11,,-,3,,5,,6,,,-,0,,,-,,-,,-,1,,1,,,-,"ARIZONA
(34.869712, -111.760902)",
CONNECTICUT,2019,11,,-,1,,,-,1,,,-,2,,2,,,-,,-,1,,,-,,-,"CONNECTICUT
(41.544654, -72.651713)",
MINNESOTA,2019,11,,-,0,,,-,,-,,-,0,,,-,,-,,-,1,,,-,,-,"MINNESOTA
(46.357661, -94.793397)",
NEVADA,2019,11,,-,2,,,-,,-,,-,0,,,-,,-,,-,1,,,-,,-,"NEVADA
(39.491833, -117.070159)",
PUERTO RICO,2019,11,,-,0,,,-,,-,,-,0,,,-,,-,,-,0,,,-,,-,"PUERTO RICO
(18.215692, -66.414655)",
KENTUCKY,2019,11,,-,1,,,-,,-,,-,1,,1,,,-,,-,1,,1,,,-,"KENTUCKY
(37.64591, -84.774043)",
WASHINGTON,2019,11,,-,4,,5,,3,,,-,0,,,-,,-,,-,1,,,-,,-,"WASHINGTON
(47.517368, -120.467672)",
ALASKA,2019,11,1,,1,,2,,2,,,-,0,,,-,,-,,-,0,,,-,,-,"ALASKA
(64.836661, -147.738891)",
OREGON,2019,11,,-,2,,,-,3,,,-,3,,5,,2,,,-,1,,2,,,-,"OREGON
(44.567912, -120.156945)",
NEW HAMPSHIRE,2019,11,,-,1,,,-,,-,,-,0,,,-,,-,,-,0,,,-,,-,"NEW HAMPSHIRE
(43.657736, -71.500736)",
NEBRASKA,2019,11,,-,2,,,-,1,,,-,0,,,-,,-,,-,0,,,-,,-,"NEBRASKA
(41.640503, -99.367122)",
GEORGIA,2019,11,,-,6,,1,,9,,,-,0,,,-,,-,,-,0,,,-,,-,"GEORGIA
(32.836038, -83.631709)",
ILLINOIS,2019,11,,-,5,,8,,8,,,-,2,,4,,,-,,-,1,,2,,1,,"ILLINOIS
(40.477092, -88.993221)",
GUAM,2019,11,,-,0,,,-,,-,,-,0,,,-,,-,,-,0,,,-,,-,"GUAM
(13.3532, 144.653198)",
OKLAHOMA,2019,11,,-,1,,,-,,-,,-,0,,,-,,-,,-,1,,,-,1,,"OKLAHOMA
(35.468494, -97.521264)",
NORTH DAKOTA,2019,11,,-,1,,1,,1,,,-,0,,,-,,-,,-,0,,,-,,-,"NORTH DAKOTA
(47.475879, -100.121011)",
NORTHERN MARIANA ISLANDS,2019,11,,-,0,,,-,,-,,-,0,,,-,,-,,-,0,,,-,,-,"NORTHERN MARIANA ISLANDS
(15.1834, 145.725693)",
RHODE ISLAND,2019,11,,-,2,,,-,1,,,-,0,,,-,,-,,-,0,,,-,,-,"RHODE ISLAND
(41.707447, -71.522488)",
WEST VIRGINIA,2019,11,,-,0,,,-,,-,,-,0,,,-,,-,,-,0,,,-,,-,"WEST VIRGINIA
(38.668501, -80.709421)",
MICHIGAN,2019,11,,-,3,,2,,8,,,-,0,,,-,,-,,-,4,,,-,1,,"MICHIGAN
(44.66399, -84.711206)",
NORTH CAROLINA,2019,11,,-,4,,7,,7,,,-,1,,,-,,-,,-,1,,,-,,-,"NORTH CAROLINA
(35.47995, -79.180571)",
IOWA,2019,11,,-,2,,2,,3,,,-,0,,,-,,-,,-,0,,,-,,-,"IOWA
(42.46942, -93.815856)",
NEW MEXICO,2019,11,,-,1,,,-,1,,,-,0,,,-,,-,,-,0,,,-,,-,"NEW MEXICO
(34.520396, -106.244402)",
MISSOURI,2019,11,,-,3,,2,,2,,,-,0,,,-,,-,,-,6,,,-,,-,"MISSOURI
(38.636168, -92.566292)",
MISSISSIPPI,2019,11,,-,1,,,-,1,,,-,0,,,-,,-,,-,0,,,-,,-,"MISSISSIPPI
(32.738663, -89.537312)",
U.S. VIRGIN ISLANDS,2019,11,,-,0,,,-,,-,,-,0,,,-,,-,,-,0,,,-,,-,"VIRGIN ISLANDS
(18.060868, -64.840836)",
PENNSYLVANIA,2019,11,,-,8,,12,,14,,,-,0,,,-,,-,,-,1,,1,,2,,"PENNSYLVANIA
(40.789676, -77.858055)",
KANSAS,2019,11,,-,2,,2,,2,,,-,3,,,-,11,,,-,0,,,-,1,,"KANSAS
(38.345528, -98.201847)",
SOUTH CAROLINA,2019,11,,-,0,,,-,,-,,-,2,,,-,,-,,-,1,,,-,,-,"SOUTH CAROLINA
(34.009286, -81.037094)",
NEW YORK,2019,11,,-,4,,6,,8,,2,,1,,3,,,-,5,,43,,38,,2,,"NEW YORK
(42.826892, -75.544286)",
HAWAII,2019,11,1,,1,,1,,,-,,-,0,,,-,,-,,-,0,,,-,,-,"HAWAII
(21.30992, -157.858158)",
MARYLAND,2019,11,3,,9,,27,,41,,,-,0,,,-,,-,,-,1,,,-,,-,"MARYLAND
(39.290443, -76.612333)",
CALIFORNIA,2019,11,,-,5,,10,,9,,,-,3,,,-,2,,,-,2,,6,,1,,"CALIFORNIA
(37.640735, -121.002435)",
FLORIDA,2019,11,,-,4,,,-,6,,,-,3,,,-,,-,,-,2,,,-,,-,"FLORIDA
(28.915325, -81.922409)",
MASSACHUSETTS,2019,11,,-,4,,9,,4,,,-,0,,,-,,-,,-,1,,,-,,-,"MASSACHUSETTS
(42.268546, -72.085064)",
VERMONT,2019,11,,-,1,,1,,1,,,-,0,,,-,,-,,-,1,,,-,,-,"VERMONT
(43.622479, -72.51927)",
ARKANSAS,2019,11,,-,1,,,-,,-,,-,0,,,-,,-,,-,0,,,-,1,,"ARKANSAS
(34.748745, -92.275105)",
SOUTH DAKOTA,2019,11,,-,2,,,-,,-,,-,0,,,-,,-,,-,0,,,-,,-,"SOUTH DAKOTA
(44.35371, -100.373709)",
MAINE,2019,11,,-,1,,1,,1,,,-,0,,,-,,-,,-,0,,,-,,-,"MAINE
(45.252223, -68.986647)",
WISCONSIN,2019,11,,-,1,,,-,1,,,-,0,,,-,,-,,-,0,,,-,,-,"WISCONSIN
(44.395526, -89.834513)",
TEXAS,2019,11,,-,5,,1,,3,,,-,5,,7,,5,,,-,1,,1,,1,,"TEXAS
(31.827233, -99.423022)",
INDIANA,2019,11,,-,1,,,-,4,,,-,0,,,-,,-,,-,0,,,-,1,,"INDIANA
(39.76845, -86.156212)",
COLORADO,2019,11,,-,3,,3,,3,,,-,0,,,-,,-,,-,1,,1,,,-,"COLORADO
(38.841772, -106.132562)",
IDAHO,2019,11,,-,1,,,-,,-,,-,0,,,-,,-,,-,0,,,-,,-,"IDAHO
(43.680635, -114.364237)",
MONTANA,2019,11,,-,1,,,-,,-,,-,0,,,-,,-,,-,0,,,-,,-,"MONTANA
(47.062617, -109.430168)",
DELAWARE,2019,11,,-,3,,5,,4,,,-,0,,,-,,-,,-,0,,,-,,-,"DELAWARE
(39.008676, -75.574561)",
VIRGINIA,2019,11,,-,5,,16,,6,,,-,0,,,-,,-,,-,1,,,-,,-,"VIRGINIA
(37.542699, -78.45822)",
DISTRICT OF COLUMBIA,2019,11,,-,2,,4,,4,,,-,0,,,-,,-,,-,1,,,-,,-,"DISTRICT OF COLUMBIA
(38.892062, -77.019912)",
OHIO,2019,11,2,,4,,11,,7,,,-,0,,,-,,-,,-,0,,,-,,-,"OHIO
(40.056807, -82.405897)",
ALABAMA,2019,11,,-,3,,,-,,-,,-,0,,,-,,-,,-,0,,,-,,-,"ALABAMA
(32.839182, -86.631125)",
US RESIDENTS,2019,12,9,,56,,197,,234,,1,,20,,123,,26,,3,,45,,71,,14,,,US RESIDENTS
NEW ENGLAND,2019,12,1,,5,,12,,8,,,-,2,,2,,,-,,-,1,,,-,,-,,NEW ENGLAND
MIDDLE ATLANTIC,2019,12,,-,24,,55,,53,,,-,17,,102,,,-,2,,45,,52,,5,,MIDDLE ATLANTIC,
NEW YORK CITY,2019,12,,-,11,,26,,14,,,-,17,,99,,,-,,-,6,,11,,1,,,NEW YORK CITY
EAST NORTH CENTRAL,2019,12,2,,8,,24,,28,,,-,2,,4,,,-,,-,4,,3,,3,,,EAST NORTH CENTRAL
WEST NORTH CENTRAL,2019,12,2,,5,,9,,9,,,-,3,,,-,14,,,-,6,,,-,1,,,WEST NORTH CENTRAL
SOUTH ATLANTIC,2019,12,4,,20,,66,,84,,,-,3,,,-,,-,,-,3,,,-,,-,,SOUTH ATLANTIC
EAST SOUTH CENTRAL,2019,12,,-,4,,3,,3,,,-,1,,1,,,-,,-,1,,1,,1,,,EAST SOUTH CENTRAL
WEST SOUTH CENTRAL,2019,12,,-,8,,2,,19,,1,,5,,8,,5,,,-,1,,3,,3,,,WEST SOUTH CENTRAL
MOUNTAIN,2019,12,,-,4,,8,,11,,,-,0,,,-,,-,,-,1,,2,,,-,,MOUNTAIN
PACIFIC,2019,12,,-,8,,18,,19,,,-,3,,6,,7,,1,,3,,10,,1,,,PACIFIC
US TERRITORIES,2019,12,,-,0,,,-,,-,,-,0,,,-,,-,,-,0,,,-,,-,,US TERRITORIES
AMERICAN SAMOA,2019,12,,-,0,,,-,,-,,-,0,,,-,,-,,-,0,,,-,,-,,AMERICAN SAMOA
NON-US RESIDENTS,2019,12,,-,,NC,1,,,NP,,-,,NC,,-,,NP,,-,,NC,,-,,NP,,NON-US RESIDENTS
TOTAL,2019,12,9,,56,,198,,234,,1,,20,,123,,26,,3,,45,,71,,14,,,TOTAL
GEORGIA,2019,12,,-,6,,1,,9,,,-,0,,,-,,-,,-,0,,,-,,-,"GEORGIA
(32.836038, -83.631709)",
ALASKA,2019,12,,-,1,,2,,2,,,-,0,,,-,,-,,-,0,,,-,,-,"ALASKA
(64.836661, -147.738891)",
IOWA,2019,12,,-,2,,2,,3,,,-,0,,,-,,-,,-,0,,,-,,-,"IOWA
(42.46942, -93.815856)",
NORTHERN MARIANA ISLANDS,2019,12,,-,0,,,-,,-,,-,0,,,-,,-,,-,0,,,-,,-,"NORTHERN MARIANA ISLANDS
(15.1834, 145.725693)",
NEBRASKA,2019,12,,-,2,,,-,1,,,-,0,,,-,,-,,-,0,,,-,,-,"NEBRASKA
(41.640503, -99.367122)",
TENNESSEE,2019,12,,-,2,,2,,1,,,-,0,,,-,,-,,-,0,,,-,1,,"TENNESSEE
(35.681402, -85.774444)",
NEW JERSEY,2019,12,,-,6,,11,,14,,,-,6,,,-,,-,,-,1,,,-,,-,"NEW JERSEY
(40.104655, -74.386686)",
WASHINGTON,2019,12,,-,4,,5,,3,,,-,0,,,-,,-,,-,1,,,-,,-,"WASHINGTON
(47.517368, -120.467672)",
PENNSYLVANIA,2019,12,,-,8,,12,,15,,,-,0,,,-,,-,,-,1,,1,,2,,"PENNSYLVANIA
(40.789676, -77.858055)",
MISSISSIPPI,2019,12,,-,1,,1,,1,,,-,0,,,-,,-,,-,0,,,-,,-,"MISSISSIPPI
(32.738663, -89.537312)",
NORTH DAKOTA,2019,12,1,,1,,2,,1,,,-,0,,,-,,-,,-,0,,,-,,-,"NORTH DAKOTA
(47.475879, -100.121011)",
ILLINOIS,2019,12,,-,5,,9,,8,,,-,2,,4,,,-,,-,1,,2,,1,,"ILLINOIS
(40.477092, -88.993221)",
PUERTO RICO,2019,12,,-,0,,,-,,-,,-,0,,,-,,-,,-,0,,,-,,-,"PUERTO RICO
(18.215692, -66.414655)",
U.S. VIRGIN ISLANDS,2019,12,,-,0,,,-,,-,,-,0,,,-,,-,,-,0,,,-,,-,"VIRGIN ISLANDS
(18.060868, -64.840836)",
WISCONSIN,2019,12,,-,1,,,-,1,,,-,0,,,-,,-,,-,0,,,-,,-,"WISCONSIN
(44.395526, -89.834513)",
SOUTH CAROLINA,2019,12,,-,0,,,-,,-,,-,2,,,-,,-,,-,1,,,-,,-,"SOUTH CAROLINA
(34.009286, -81.037094)",
LOUISIANA,2019,12,,-,1,,1,,5,,,-,0,,,-,,-,,-,1,,,-,,-,"LOUISIANA
(31.2931, -92.463284)",
CALIFORNIA,2019,12,,-,5,,10,,11,,,-,3,,,-,5,,,-,2,,6,,1,,"CALIFORNIA
(37.640735, -121.002435)",
KENTUCKY,2019,12,,-,2,,,-,1,,,-,1,,1,,,-,,-,1,,1,,,-,"KENTUCKY
(37.64591, -84.774043)",
MONTANA,2019,12,,-,1,,,-,,-,,-,0,,,-,,-,,-,0,,,-,,-,"MONTANA
(47.062617, -109.430168)",
TEXAS,2019,12,,-,7,,1,,14,,1,,5,,8,,5,,,-,1,,3,,1,,"TEXAS
(31.827233, -99.423022)",
HAWAII,2019,12,,-,1,,1,,,-,,-,0,,,-,,-,,-,0,,,-,,-,"HAWAII
(21.30992, -157.858158)",
INDIANA,2019,12,,-,1,,,-,4,,,-,0,,,-,,-,,-,0,,,-,1,,"INDIANA
(39.76845, -86.156212)",
NORTH CAROLINA,2019,12,,-,4,,7,,8,,,-,1,,,-,,-,,-,1,,,-,,-,"NORTH CAROLINA
(35.47995, -79.180571)",
SOUTH DAKOTA,2019,12,,-,2,,,-,,-,,-,0,,,-,,-,,-,0,,,-,,-,"SOUTH DAKOTA
(44.35371, -100.373709)",
MAINE,2019,12,,-,1,,1,,1,,,-,0,,,-,,-,,-,0,,,-,,-,"MAINE
(45.252223, -68.986647)",
DISTRICT OF COLUMBIA,2019,12,,-,2,,5,,4,,,-,0,,,-,,-,,-,1,,,-,,-,"DISTRICT OF COLUMBIA
(38.892062, -77.019912)",
MARYLAND,2019,12,3,,9,,30,,43,,,-,0,,,-,,-,,-,1,,,-,,-,"MARYLAND
(39.290443, -76.612333)",
COLORADO,2019,12,,-,3,,3,,3,,,-,0,,,-,,-,,-,1,,1,,,-,"COLORADO
(38.841772, -106.132562)",
CONNECTICUT,2019,12,,-,1,,,-,1,,,-,2,,2,,,-,,-,1,,,-,,-,"CONNECTICUT
(41.544654, -72.651713)",
OHIO,2019,12,2,,4,,13,,7,,,-,0,,,-,,-,,-,0,,,-,,-,"OHIO
(40.056807, -82.405897)",
NEW MEXICO,2019,12,,-,1,,,-,1,,,-,0,,,-,,-,,-,0,,,-,,-,"NEW MEXICO
(34.520396, -106.244402)",
OKLAHOMA,2019,12,,-,1,,,-,,-,,-,0,,,-,,-,,-,1,,,-,1,,"OKLAHOMA
(35.468494, -97.521264)",
DELAWARE,2019,12,,-,3,,5,,4,,,-,0,,,-,,-,,-,0,,,-,,-,"DELAWARE
(39.008676, -75.574561)",
RHODE ISLAND,2019,12,,-,2,,,-,1,,,-,0,,,-,,-,,-,0,,,-,,-,"RHODE ISLAND
(41.707447, -71.522488)",
UTAH,2019,12,,-,1,,,-,1,,,-,0,,,-,,-,,-,0,,,-,,-,"UTAH
(39.359772, -111.584173)",
OREGON,2019,12,,-,2,,,-,3,,,-,3,,6,,2,,1,,1,,4,,,-,"OREGON
(44.567912, -120.156945)",
ALABAMA,2019,12,,-,3,,,-,,-,,-,0,,,-,,-,,-,0,,,-,,-,"ALABAMA
(32.839182, -86.631125)",
KANSAS,2019,12,,-,2,,2,,2,,,-,3,,,-,14,,,-,0,,,-,1,,"KANSAS
(38.345528, -98.201847)",
MINNESOTA,2019,12,,-,0,,,-,,-,,-,0,,,-,,-,,-,1,,,-,,-,"MINNESOTA
(46.357661, -94.793397)",
MASSACHUSETTS,2019,12,1,,4,,10,,4,,,-,0,,,-,,-,,-,1,,,-,,-,"MASSACHUSETTS
(42.268546, -72.085064)",
MICHIGAN,2019,12,,-,3,,2,,8,,,-,0,,,-,,-,,-,4,,1,,1,,"MICHIGAN
(44.66399, -84.711206)",
MISSOURI,2019,12,1,,3,,3,,2,,,-,0,,,-,,-,,-,6,,,-,,-,"MISSOURI
(38.636168, -92.566292)",
IDAHO,2019,12,,-,1,,,-,,-,,-,0,,,-,,-,,-,0,,,-,,-,"IDAHO
(43.680635, -114.364237)",
NEW HAMPSHIRE,2019,12,,-,1,,,-,,-,,-,0,,,-,,-,,-,0,,,-,,-,"NEW HAMPSHIRE
(43.657736, -71.500736)",
WYOMING,2019,12,,-,1,,,-,,-,,-,0,,,-,,-,,-,0,,,-,,-,"WYOMING
(43.23558, -108.110518)",
FLORIDA,2019,12,,-,4,,,-,6,,,-,3,,,-,,-,,-,2,,,-,,-,"FLORIDA
(28.915325, -81.922409)",
ARIZONA,2019,12,,-,3,,5,,6,,,-,0,,,-,,-,,-,1,,1,,,-,"ARIZONA
(34.869712, -111.760902)",
WEST VIRGINIA,2019,12,,-,1,,,-,1,,,-,0,,,-,,-,,-,0,,,-,,-,"WEST VIRGINIA
(38.668501, -80.709421)",
ARKANSAS,2019,12,,-,1,,,-,,-,,-,0,,,-,,-,,-,0,,,-,1,,"ARKANSAS
(34.748745, -92.275105)",
NEVADA,2019,12,,-,2,,,-,,-,,-,0,,,-,,-,,-,1,,,-,,-,"NEVADA
(39.491833, -117.070159)",
VERMONT,2019,12,,-,1,,1,,1,,,-,0,,,-,,-,,-,1,,,-,,-,"VERMONT
(43.622479, -72.51927)",
NEW YORK,2019,12,,-,5,,6,,10,,,-,2,,3,,,-,2,,43,,40,,2,,"NEW YORK
(42.826892, -75.544286)",
VIRGINIA,2019,12,1,,5,,18,,9,,,-,0,,,-,,-,,-,1,,,-,,-,"VIRGINIA
(37.542699, -78.45822)",
GUAM,2019,12,,-,0,,,-,,-,,-,0,,,-,,-,,-,0,,,-,,-,"GUAM
(13.3532, 144.653198)",
US RESIDENTS,2019,13,3,,56,,209,,246,,,-,20,,125,,29,,15,,45,,103,,16,,,US RESIDENTS
NEW ENGLAND,2019,13,1,,5,,13,,9,,,-,2,,2,,,-,1,,1,,1,,,-,,NEW ENGLAND
MIDDLE ATLANTIC,2019,13,,-,24,,57,,56,,,-,18,,105,,,-,11,,45,,63,,5,,MIDDLE ATLANTIC,
NEW YORK CITY,2019,13,,-,11,,28,,15,,,-,17,,102,,,-,,-,6,,11,,1,,,NEW YORK CITY
EAST NORTH CENTRAL,2019,13,1,,8,,27,,29,,,-,2,,4,,,-,2,,11,,17,,3,,,EAST NORTH CENTRAL
WEST NORTH CENTRAL,2019,13,,-,5,,9,,11,,,-,2,,,-,16,,,-,6,,,-,2,,,WEST NORTH CENTRAL
SOUTH ATLANTIC,2019,13,1,,20,,67,,88,,,-,3,,,-,,-,1,,3,,1,,,-,,SOUTH ATLANTIC
EAST SOUTH CENTRAL,2019,13,,-,4,,3,,3,,,-,1,,1,,,-,,-,1,,1,,1,,,EAST SOUTH CENTRAL
WEST SOUTH CENTRAL,2019,13,,-,8,,2,,20,,,-,5,,8,,5,,,-,1,,3,,3,,,WEST SOUTH CENTRAL
MOUNTAIN,2019,13,,-,4,,11,,11,,,-,0,,,-,,-,,-,1,,2,,,-,,MOUNTAIN
PACIFIC,2019,13,,-,8,,20,,19,,,-,3,,5,,8,,,-,5,,15,,2,,,PACIFIC
US TERRITORIES,2019,13,,-,0,,,-,,-,,-,0,,,-,,-,,-,0,,,-,,-,,US TERRITORIES
AMERICAN SAMOA,2019,13,,-,0,,,-,,-,,-,0,,,-,,-,,-,0,,,-,,-,,AMERICAN SAMOA
NON-US RESIDENTS,2019,13,,-,,NC,1,,,NP,,-,,NC,,-,,NP,,-,,NC,,-,,NP,,NON-US RESIDENTS
TOTAL,2019,13,3,,56,,210,,246,,,-,20,,125,,29,,15,,45,,103,,16,,,TOTAL
MAINE,2019,13,,-,1,,1,,1,,,-,0,,,-,,-,,-,0,,,-,,-,"MAINE
(45.252223, -68.986647)",
CONNECTICUT,2019,13,,-,1,,,-,1,,,-,2,,2,,,-,,-,1,,,-,,-,"CONNECTICUT
(41.544654, -72.651713)",
NEW YORK,2019,13,,-,5,,6,,10,,,-,2,,3,,,-,11,,43,,51,,2,,"NEW YORK
(42.826892, -75.544286)",
NEW JERSEY,2019,13,,-,6,,11,,16,,,-,13,,,-,,-,,-,1,,,-,,-,"NEW JERSEY
(40.104655, -74.386686)",
FLORIDA,2019,13,,-,4,,,-,7,,,-,3,,,-,,-,1,,2,,1,,,-,"FLORIDA
(28.915325, -81.922409)",
OKLAHOMA,2019,13,,-,1,,,-,,-,,-,0,,,-,,-,,-,1,,,-,1,,"OKLAHOMA
(35.468494, -97.521264)",
GUAM,2019,13,,-,0,,,-,,-,,-,0,,,-,,-,,-,0,,,-,,-,"GUAM
(13.3532, 144.653198)",
UTAH,2019,13,,-,1,,3,,1,,,-,0,,,-,,-,,-,0,,,-,,-,"UTAH
(39.359772, -111.584173)",
OHIO,2019,13,1,,4,,14,,7,,,-,0,,,-,,-,,-,0,,,-,,-,"OHIO
(40.056807, -82.405897)",
HAWAII,2019,13,,-,1,,1,,,-,,-,0,,,-,,-,,-,0,,,-,,-,"HAWAII
(21.30992, -157.858158)",
DISTRICT OF COLUMBIA,2019,13,,-,2,,5,,4,,,-,0,,,-,,-,,-,1,,,-,,-,"DISTRICT OF COLUMBIA
(38.892062, -77.019912)",
LOUISIANA,2019,13,,-,1,,1,,5,,,-,0,,,-,,-,,-,1,,,-,,-,"LOUISIANA
(31.2931, -92.463284)",
ARKANSAS,2019,13,,-,1,,,-,,-,,-,0,,,-,,-,,-,0,,,-,1,,"ARKANSAS
(34.748745, -92.275105)",
RHODE ISLAND,2019,13,,-,2,,,-,1,,,-,0,,,-,,-,,-,0,,,-,,-,"RHODE ISLAND
(41.707447, -71.522488)",
KANSAS,2019,13,,-,2,,2,,2,,,-,2,,,-,16,,,-,0,,,-,1,,"KANSAS
(38.345528, -98.201847)",
MONTANA,2019,13,,-,1,,,-,,-,,-,0,,,-,,-,,-,0,,,-,,-,"MONTANA
(47.062617, -109.430168)",
NEVADA,2019,13,,-,2,,,-,,-,,-,0,,,-,,-,,-,1,,,-,,-,"NEVADA
(39.491833, -117.070159)",
U.S. VIRGIN ISLANDS,2019,13,,-,0,,,-,,-,,-,0,,,-,,-,,-,0,,,-,,-,"VIRGIN ISLANDS
(18.060868, -64.840836)",
VIRGINIA,2019,13,,-,5,,18,,9,,,-,0,,,-,,-,,-,1,,,-,,-,"VIRGINIA
(37.542699, -78.45822)",
ILLINOIS,2019,13,,-,5,,11,,9,,,-,2,,4,,,-,,-,1,,2,,1,,"ILLINOIS
(40.477092, -88.993221)",
DELAWARE,2019,13,,-,3,,5,,5,,,-,0,,,-,,-,,-,0,,,-,,-,"DELAWARE
(39.008676, -75.574561)",
NORTH CAROLINA,2019,13,,-,4,,7,,9,,,-,1,,,-,,-,,-,1,,,-,,-,"NORTH CAROLINA
(35.47995, -79.180571)",
COLORADO,2019,13,,-,3,,3,,3,,,-,0,,,-,,-,,-,1,,1,,,-,"COLORADO
(38.841772, -106.132562)",
CALIFORNIA,2019,13,,-,5,,10,,11,,,-,2,,,-,6,,,-,4,,11,,2,,"CALIFORNIA
(37.640735, -121.002435)",
MINNESOTA,2019,13,,-,0,,,-,,-,,-,0,,,-,,-,,-,1,,,-,,-,"MINNESOTA
(46.357661, -94.793397)",
NEW HAMPSHIRE,2019,13,,-,1,,,-,,-,,-,0,,,-,,-,,-,0,,,-,,-,"NEW HAMPSHIRE
(43.657736, -71.500736)",
MISSISSIPPI,2019,13,,-,1,,1,,1,,,-,0,,,-,,-,,-,0,,,-,,-,"MISSISSIPPI
(32.738663, -89.537312)",
SOUTH CAROLINA,2019,13,,-,0,,,-,,-,,-,2,,,-,,-,,-,1,,,-,,-,"SOUTH CAROLINA
(34.009286, -81.037094)",
WEST VIRGINIA,2019,13,,-,1,,,-,1,,,-,0,,,-,,-,,-,0,,,-,,-,"WEST VIRGINIA
(38.668501, -80.709421)",
PENNSYLVANIA,2019,13,,-,8,,12,,15,,,-,0,,,-,,-,,-,1,,1,,2,,"PENNSYLVANIA
(40.789676, -77.858055)",
NORTHERN MARIANA ISLANDS,2019,13,,-,0,,,-,,-,,-,0,,,-,,-,,-,0,,,-,,-,"NORTHERN MARIANA ISLANDS
(15.1834, 145.725693)",
MICHIGAN,2019,13,,-,3,,2,,8,,,-,0,,,-,,-,2,,11,,15,,1,,"MICHIGAN
(44.66399, -84.711206)",
WYOMING,2019,13,,-,1,,,-,,-,,-,0,,,-,,-,,-,0,,,-,,-,"WYOMING
(43.23558, -108.110518)",
PUERTO RICO,2019,13,,-,0,,,-,,-,,-,0,,,-,,-,,-,0,,,-,,-,"PUERTO RICO
(18.215692, -66.414655)",
TENNESSEE,2019,13,,-,2,,2,,1,,,-,0,,,-,,-,,-,0,,,-,1,,"TENNESSEE
(35.681402, -85.774444)",
SOUTH DAKOTA,2019,13,,-,2,,,-,,-,,-,0,,,-,,-,,-,0,,,-,,-,"SOUTH DAKOTA
(44.35371, -100.373709)",
MARYLAND,2019,13,1,,9,,31,,44,,,-,0,,,-,,-,,-,1,,,-,,-,"MARYLAND
(39.290443, -76.612333)",
INDIANA,2019,13,,-,1,,,-,4,,,-,0,,,-,,-,,-,0,,,-,1,,"INDIANA
(39.76845, -86.156212)",
NEBRASKA,2019,13,,-,2,,,-,2,,,-,0,,,-,,-,,-,0,,,-,,-,"NEBRASKA
(41.640503, -99.367122)",
MISSOURI,2019,13,,-,3,,3,,2,,,-,0,,,-,,-,,-,6,,,-,1,,"MISSOURI
(38.636168, -92.566292)",
GEORGIA,2019,13,,-,6,,1,,9,,,-,0,,,-,,-,,-,0,,,-,,-,"GEORGIA
(32.836038, -83.631709)",
OREGON,2019,13,,-,2,,1,,3,,,-,3,,5,,2,,,-,1,,4,,,-,"OREGON
(44.567912, -120.156945)",
MASSACHUSETTS,2019,13,1,,4,,11,,5,,,-,0,,,-,,-,1,,1,,1,,,-,"MASSACHUSETTS
(42.268546, -72.085064)",
NORTH DAKOTA,2019,13,,-,1,,2,,2,,,-,0,,,-,,-,,-,0,,,-,,-,"NORTH DAKOTA
(47.475879, -100.121011)",
ALASKA,2019,13,,-,1,,2,,2,,,-,0,,,-,,-,,-,0,,,-,,-,"ALASKA
(64.836661, -147.738891)",
ALABAMA,2019,13,,-,3,,,-,,-,,-,0,,,-,,-,,-,0,,,-,,-,"ALABAMA
(32.839182, -86.631125)",
TEXAS,2019,13,,-,7,,1,,15,,,-,5,,8,,5,,,-,1,,3,,1,,"TEXAS
(31.827233, -99.423022)",
WISCONSIN,2019,13,,-,1,,,-,1,,,-,0,,,-,,-,,-,0,,,-,,-,"WISCONSIN
(44.395526, -89.834513)",
VERMONT,2019,13,,-,1,,1,,1,,,-,0,,,-,,-,,-,1,,,-,,-,"VERMONT
(43.622479, -72.51927)",
WASHINGTON,2019,13,,-,4,,6,,3,,,-,0,,,-,,-,,-,1,,,-,,-,"WASHINGTON
(47.517368, -120.467672)",
NEW MEXICO,2019,13,,-,1,,,-,1,,,-,0,,,-,,-,,-,0,,,-,,-,"NEW MEXICO
(34.520396, -106.244402)",
ARIZONA,2019,13,,-,3,,5,,6,,,-,0,,,-,,-,,-,1,,1,,,-,"ARIZONA
(34.869712, -111.760902)",
IDAHO,2019,13,,-,1,,,-,,-,,-,0,,,-,,-,,-,0,,,-,,-,"IDAHO
(43.680635, -114.364237)",
KENTUCKY,2019,13,,-,2,,,-,1,,,-,1,,1,,,-,,-,1,,1,,,-,"KENTUCKY
(37.64591, -84.774043)",
IOWA,2019,13,,-,2,,2,,3,,,-,0,,,-,,-,,-,0,,,-,,-,"IOWA
(42.46942, -93.815856)",
US RESIDENTS,2019,14,9,,56,,222,,261,,,-,20,,126,,31,,4,,45,,120,,20,,,US RESIDENTS
NEW ENGLAND,2019,14,4,,5,,18,,10,,,-,2,,2,,,-,,-,1,,2,,,-,,NEW ENGLAND
MIDDLE ATLANTIC,2019,14,3,,24,,61,,64,,,-,18,,105,,,-,4,,45,,67,,7,,MIDDLE ATLANTIC,
NEW YORK CITY,2019,14,2,,11,,31,,17,,,-,17,,102,,,-,,-,6,,11,,1,,,NEW YORK CITY
EAST NORTH CENTRAL,2019,14,,-,8,,27,,32,,,-,2,,4,,,-,,-,15,,22,,3,,,EAST NORTH CENTRAL
WEST NORTH CENTRAL,2019,14,,-,5,,10,,11,,,-,2,,,-,18,,,-,6,,,-,3,,,WEST NORTH CENTRAL
SOUTH ATLANTIC,2019,14,2,,20,,69,,90,,,-,3,,,-,,-,,-,3,,1,,,-,,SOUTH ATLANTIC
EAST SOUTH CENTRAL,2019,14,,-,4,,3,,3,,,-,1,,1,,,-,,-,1,,1,,1,,,EAST SOUTH CENTRAL
WEST SOUTH CENTRAL,2019,14,,-,8,,2,,20,,,-,5,,8,,5,,,-,1,,4,,3,,,WEST SOUTH CENTRAL
MOUNTAIN,2019,14,,-,4,,12,,11,,,-,0,,,-,,-,,-,1,,2,,1,,,MOUNTAIN
PACIFIC,2019,14,,-,8,,20,,20,,,-,3,,6,,8,,,-,7,,21,,2,,,PACIFIC
US TERRITORIES,2019,14,,-,0,,,-,,-,,-,0,,,-,,-,,-,0,,,-,,-,,US TERRITORIES
AMERICAN SAMOA,2019,14,,-,0,,,-,,-,,-,0,,,-,,-,,-,0,,,-,,-,,AMERICAN SAMOA
NON-US RESIDENTS,2019,14,,-,,NC,1,,,NP,,-,,NC,,-,,NP,,-,,NC,,-,,NP,,NON-US RESIDENTS
TOTAL,2019,14,9,,56,,223,,261,,,-,20,,126,,31,,4,,45,,120,,20,,,TOTAL
HAWAII,2019,14,,-,1,,1,,,-,,-,0,,,-,,-,,-,0,,,-,,-,"HAWAII
(21.30992, -157.858158)",
LOUISIANA,2019,14,,-,1,,1,,5,,,-,0,,,-,,-,,-,1,,,-,,-,"LOUISIANA
(31.2931, -92.463284)",
MISSOURI,2019,14,,-,3,,3,,2,,,-,0,,,-,,-,,-,6,,,-,2,,"MISSOURI
(38.636168, -92.566292)",
MONTANA,2019,14,,-,1,,,-,,-,,-,0,,,-,,-,,-,0,,,-,,-,"MONTANA
(47.062617, -109.430168)",
WASHINGTON,2019,14,,-,4,,6,,3,,,-,0,,,-,,-,,-,1,,,-,,-,"WASHINGTON
(47.517368, -120.467672)",
PENNSYLVANIA,2019,14,1,,8,,13,,18,,,-,0,,,-,,-,,-,1,,1,,2,,"PENNSYLVANIA
(40.789676, -77.858055)",
COLORADO,2019,14,,-,3,,3,,3,,,-,0,,,-,,-,,-,1,,1,,,-,"COLORADO
(38.841772, -106.132562)",
U.S. VIRGIN ISLANDS,2019,14,,-,0,,,-,,-,,-,0,,,-,,-,,-,0,,,-,,-,"VIRGIN ISLANDS
(18.060868, -64.840836)",
UTAH,2019,14,,-,1,,3,,1,,,-,0,,,-,,-,,-,0,,,-,,-,"UTAH
(39.359772, -111.584173)",
IOWA,2019,14,,-,2,,3,,3,,,-,0,,,-,,-,,-,0,,,-,,-,"IOWA
(42.46942, -93.815856)",
RHODE ISLAND,2019,14,,-,2,,,-,2,,,-,0,,,-,,-,,-,0,,,-,,-,"RHODE ISLAND
(41.707447, -71.522488)",
NEW MEXICO,2019,14,,-,1,,,-,1,,,-,0,,,-,,-,,-,0,,,-,,-,"NEW MEXICO
(34.520396, -106.244402)",
GEORGIA,2019,14,,-,6,,1,,9,,,-,0,,,-,,-,,-,0,,,-,,-,"GEORGIA
(32.836038, -83.631709)",
ARIZONA,2019,14,,-,3,,5,,6,,,-,0,,,-,,-,,-,1,,1,,,-,"ARIZONA
(34.869712, -111.760902)",
ARKANSAS,2019,14,,-,1,,,-,,-,,-,0,,,-,,-,,-,0,,,-,1,,"ARKANSAS
(34.748745, -92.275105)",
OREGON,2019,14,,-,2,,1,,3,,,-,3,,6,,2,,,-,1,,4,,,-,"OREGON
(44.567912, -120.156945)",
TEXAS,2019,14,,-,7,,1,,15,,,-,5,,8,,5,,,-,1,,4,,1,,"TEXAS
(31.827233, -99.423022)",
GUAM,2019,14,,-,0,,,-,,-,,-,0,,,-,,-,,-,0,,,-,,-,"GUAM
(13.3532, 144.653198)",
KANSAS,2019,14,,-,2,,2,,2,,,-,2,,,-,18,,,-,0,,,-,1,,"KANSAS
(38.345528, -98.201847)",
INDIANA,2019,14,,-,1,,,-,5,,,-,0,,,-,,-,,-,0,,,-,1,,"INDIANA
(39.76845, -86.156212)",
ALASKA,2019,14,,-,1,,2,,2,,,-,0,,,-,,-,,-,0,,,-,,-,"ALASKA
(64.836661, -147.738891)",
TENNESSEE,2019,14,,-,2,,2,,1,,,-,0,,,-,,-,,-,0,,,-,1,,"TENNESSEE
(35.681402, -85.774444)",
FLORIDA,2019,14,,-,4,,,-,8,,,-,3,,,-,,-,,-,2,,1,,,-,"FLORIDA
(28.915325, -81.922409)",
VIRGINIA,2019,14,,-,5,,18,,9,,,-,0,,,-,,-,,-,1,,,-,,-,"VIRGINIA
(37.542699, -78.45822)",
NORTH CAROLINA,2019,14,,-,4,,7,,10,,,-,1,,,-,,-,,-,1,,,-,,-,"NORTH CAROLINA
(35.47995, -79.180571)",
PUERTO RICO,2019,14,,-,0,,,-,,-,,-,0,,,-,,-,,-,0,,,-,,-,"PUERTO RICO
(18.215692, -66.414655)",
DISTRICT OF COLUMBIA,2019,14,,-,2,,5,,4,,,-,0,,,-,,-,,-,1,,,-,,-,"DISTRICT OF COLUMBIA
(38.892062, -77.019912)",
OHIO,2019,14,,-,4,,14,,7,,,-,0,,,-,,-,,-,0,,,-,,-,"OHIO
(40.056807, -82.405897)",
MAINE,2019,14,3,,1,,4,,1,,,-,0,,,-,,-,,-,0,,,-,,-,"MAINE
(45.252223, -68.986647)",
DELAWARE,2019,14,1,,3,,6,,5,,,-,0,,,-,,-,,-,0,,,-,,-,"DELAWARE
(39.008676, -75.574561)",
ILLINOIS,2019,14,,-,5,,11,,11,,,-,2,,4,,,-,,-,1,,2,,1,,"ILLINOIS
(40.477092, -88.993221)",
NORTHERN MARIANA ISLANDS,2019,14,,-,0,,,-,,-,,-,0,,,-,,-,,-,0,,,-,,-,"NORTHERN MARIANA ISLANDS
(15.1834, 145.725693)",
SOUTH DAKOTA,2019,14,,-,2,,,-,,-,,-,0,,,-,,-,,-,0,,,-,,-,"SOUTH DAKOTA
(44.35371, -100.373709)",
SOUTH CAROLINA,2019,14,,-,0,,,-,,-,,-,2,,,-,,-,,-,1,,,-,,-,"SOUTH CAROLINA
(34.009286, -81.037094)",
OKLAHOMA,2019,14,,-,1,,,-,,-,,-,0,,,-,,-,,-,1,,,-,1,,"OKLAHOMA
(35.468494, -97.521264)",
WEST VIRGINIA,2019,14,,-,1,,,-,1,,,-,0,,,-,,-,,-,0,,,-,,-,"WEST VIRGINIA
(38.668501, -80.709421)",
NEW YORK,2019,14,,-,5,,6,,13,,,-,2,,3,,,-,4,,43,,55,,3,,"NEW YORK
(42.826892, -75.544286)",
MISSISSIPPI,2019,14,,-,1,,1,,1,,,-,0,,,-,,-,,-,0,,,-,,-,"MISSISSIPPI
(32.738663, -89.537312)",
VERMONT,2019,14,,-,1,,1,,1,,,-,0,,,-,,-,,-,1,,,-,,-,"VERMONT
(43.622479, -72.51927)",
NORTH DAKOTA,2019,14,,-,1,,2,,2,,,-,0,,,-,,-,,-,0,,,-,,-,"NORTH DAKOTA
(47.475879, -100.121011)",
MICHIGAN,2019,14,,-,3,,2,,8,,,-,0,,,-,,-,,-,15,,20,,1,,"MICHIGAN
(44.66399, -84.711206)",
CONNECTICUT,2019,14,,-,1,,,-,1,,,-,2,,2,,,-,,-,1,,,-,,-,"CONNECTICUT
(41.544654, -72.651713)",
IDAHO,2019,14,,-,1,,,-,,-,,-,0,,,-,,-,,-,0,,,-,,-,"IDAHO
(43.680635, -114.364237)",
KENTUCKY,2019,14,,-,2,,,-,1,,,-,1,,1,,,-,,-,1,,1,,,-,"KENTUCKY
(37.64591, -84.774043)",
NEBRASKA,2019,14,,-,2,,,-,2,,,-,0,,,-,,-,,-,0,,,-,,-,"NEBRASKA
(41.640503, -99.367122)",
MARYLAND,2019,14,1,,9,,32,,44,,,-,0,,,-,,-,,-,1,,,-,,-,"MARYLAND
(39.290443, -76.612333)",
WISCONSIN,2019,14,,-,1,,,-,1,,,-,0,,,-,,-,,-,0,,,-,,-,"WISCONSIN
(44.395526, -89.834513)",
ALABAMA,2019,14,,-,3,,,-,,-,,-,0,,,-,,-,,-,0,,,-,,-,"ALABAMA
(32.839182, -86.631125)",
CALIFORNIA,2019,14,,-,5,,10,,12,,,-,2,,,-,6,,,-,6,,17,,2,,"CALIFORNIA
(37.640735, -121.002435)",
NEW HAMPSHIRE,2019,14,,-,1,,1,,,-,,-,0,,,-,,-,,-,1,,1,,,-,"NEW HAMPSHIRE
(43.657736, -71.500736)",
MASSACHUSETTS,2019,14,1,,4,,12,,5,,,-,0,,,-,,-,,-,1,,1,,,-,"MASSACHUSETTS
(42.268546, -72.085064)",
WYOMING,2019,14,,-,1,,,-,,-,,-,0,,,-,,-,,-,0,,,-,,-,"WYOMING
(43.23558, -108.110518)",
MINNESOTA,2019,14,,-,0,,,-,,-,,-,0,,,-,,-,,-,1,,,-,,-,"MINNESOTA
(46.357661, -94.793397)",
NEW JERSEY,2019,14,,-,6,,11,,16,,,-,13,,,-,,-,,-,1,,,-,1,,"NEW JERSEY
(40.104655, -74.386686)",
NEVADA,2019,14,,-,2,,1,,,-,,-,0,,,-,,-,,-,1,,,-,1,,"NEVADA
(39.491833, -117.070159)",
